Material Category,Part Number,3form Name,Comments,Current Status,Proposed Status
Product Management,Purchasing,Product Mgt,All,Product Management,Product Management
FALL 2018,,,,,
HighRes,,Zen,,Inactive,Active
HighRes,,Twigs,,Inactive,Active
HighRes,,Birch,,Inactive,Active
HighRes,,Noir Twigs,,Inactive,Active
HighRes,,Riverbed,,Inactive,Active
HighRes,,Cumulus,,Inactive,Active
HighRes,,Blades,,Inactive,Active
HighRes,,Shoots,,Inactive,Active
HighRes,,Leaves,,Inactive,Active
HighRes,,Aspen,,Inactive,Active
HighRes,,Red Orchid,,Inactive,Active
HighRes,,Peach Orchid,,Inactive,Active
HighRes,,Tulips,,Inactive,Active
HighRes,,Agave,,Inactive,Active
HighRes,,Pods,,Inactive,Active
Textures,,Crinkle,Name Change,Crinkle,Wrinkle
Edge Rail,3-70-001,,,Active,Discontinue
Edge Rail,3-70-002,,,Active,Discontinue
Edge Rail,3-70-009,,,Active,Discontinue
Edge Rail,3-70-010,,,Active,Discontinue
Edge Rail,3-70-011,,,Active,Discontinue
Edge Rail,3-70-012,,,Active,Discontinue
Lighting,3-60-743,,,Inactive,Discontinue
Lighting,3-60-744,,,Inactive,Discontinue
Lighting,3-60-745,,,Inactive,Discontinue
Lighting,3-60-746,,,Inactive,Discontinue
Lighting,3-60-747,,,Inactive,Discontinue
Poured Glass,0-50-065,Money Plant ,(listed in varia below),,Discontinue
Poured Glass,0-50-066,Salt Cedar,(listed in varia below),,Discontinue
Migration Zephyr,0-51-717,,,Active,Inactive
Migration Saffron ,0-50-487,,,Active,Inactive
Migration Henna ,0-50-486,,,Active,Inactive
Migration Gray,0-51-066,,,Active,Inactive
Studio Gecko,0-59-0039,Gecko Crypta Orbit Denim,,Active,PMA
Studio Gecko,0-59-0050,Gecko Xena 5434 (CLOVER),,Active,PMA
Studio Gecko,0-59-0017,Gecko Crena Un Mist,,Active,PMA
Studio Gecko,0-59-0013,Gecko Crena Un Vanilla Bean,,Active,PMA
Studio Gecko,0-59-0022,Gecko Crena Un Mojito,,Active,PMA
Studio Gecko,0-59-0049,Gecko Xena 5433 (MERLOT),,Active,PMA
Studio Gecko,0-59-0007,Gecko Crypta Tangelo,,Active,PMA
Studio Gecko,0-59-0019,Gecko Crena Un Rogue,,Active,PMA
Studio Gecko,0-59-0045,Gecko Diplo Pebble,,Active,PMA
Studio Gecko,0-59-0010,Gecko Crypta Letter White Ink,,Active,PMA
Studio Gecko,0-59-0040,Gecko Crypta Orbit Sunshine,,Active,PMA
Studio Gecko,0-59-0043,Gecko Diplo Dusk,,Active,PMA
Studio Gecko,0-59-0004,Gecko Crypta Antique,,Active,PMA
Studio Gecko,0-59-0011,Gecko Crypta Letter Black Ink,,Active,PMA
Studio Parametre,0-40-005,PARAMETRE SCREEN COFFEE BEAN,,Active,PMA
Studio Parametre,0-40-023A,PARAMETRE SCREEN RUBY RED,,Active,PMA
Studio Parametre,0-40-017,PARAMETRE SCREEN BISQUE,,Active,PMA
Studio Parametre,0-40-005A,PARAMETRE SCREEN COFFEE BEAN,,Active,PMA
Studio Parametre,3-40-150,"PARAMETRE BAR 1"" X 25""",,Active,PMA
Studio Parametre,0-40-016,PARAMETRE SCREEN CHIPPENDALE SAGE,,Active,PMA
Studio Parametre,0-40-014,PARAMETRE SCREEN COLONIAL BLUE,,Active,PMA
Studio Parametre,0-40-011A,PARAMETRE SCREEN COOL GRAY,,Active,PMA
Studio Parametre,0-40-008A,PARAMETRE SCREEN CANVAS,,Active,PMA
Studio Parametre,0-40-023,PARAMETRE SCREEN RUBY RED 14' X 14',,Active,PMA
Studio Parametre,0-40-006A,PARAMETRE SCREEN CHARCOAL,,Active,PMA
Studio Parametre,0-40-013,PARAMETRE SCREEN Eggshell White FR,,Active,PMA
Studio Parametre,0-40-015,PARAMETRE SCREEN AQUAMINT,,Active,PMA
Studio Parametre,0-40-010,PARAMETRE SCREEN GREENAPPLE,,Active,PMA
Studio Parametre,0-40-018,PARAMETRE SCREEN SILVER METALLIC,,Active,PMA
Wovin Wall,All parts,Wovin Wall,,Active,Inactive
Studio Wovin Wall,0-80-003,TREE FROG 61104 Ebony Straight Grain 4X8,,Active,Inactivate
Studio Wovin Wall,0-80-024,TREE FROG 60304 OLD ENGLISH MAHOGANY ST.,,Active,Inactivate
Studio Wovin Wall,0-80-031,TREEFROG 60604 CHERRY STRAIGHT GRAIN,,Active,Inactivate
Studio Wovin Wall,0-80-035,POLYETHYLENE 562 BIEGE 24 X 50 (STRING),,Active,Inactivate
Studio Wovin Wall,0-80-036,INACTIVE 63904 ASIAN CHERRY STRAIGHT,,Active,Discontinue
Studio Wovin Wall,0-80-056,SLATE BRUSHED D91K-18,,Active,Inactivate
Studio Wovin Wall,0-80-103,INACTIVE PATINA COPPER 2' x 8' x .05'',,Active,Discontinue
Studio Wovin Wall,0-80-111,INACTIVE RUST 2' x 8' x .25'',,Active,Discontinue
Studio Wovin Wall,0-80-112,INACTIVE STEEL 2' x 8' x .25'',,Active,Discontinue
Studio Wovin Wall,0-80-113,INNACTIVE PATINA COPPER 2' x 8' x .25'',,Active,Discontinue
Studio Wovin Wall,0-80-114,INACTIVE GALVANIZED COPPER .25'',,Active,Discontinue
Studio Wovin Wall,0-80-034,POLYETHYLENE 081 IVORY 24 X 50 (Frappe),,Active,Inactivate
Studio Wovin Wall,0-80-053,GREY BRUSHED,,Active,Inactivate
Studio Wovin Wall,0-80-055,DOVE GREY D92-60,,Active,Inactivate
Studio Wovin Wall,0-80-110,INACTIVE PATINA RUST 2' x 8' x .25'',,Active,Discontinue
Studio Wovin Wall,0-80-100,INACTIVE PATINA RUST 2' x 8' x .05'',,Active,Discontinue
Studio Wovin Wall,0-80-104,INACTIVE GALVANIZED COPPER .05'',,Active,Discontinue
Studio Wovin Wall,0-80-038,POLYETHYLENE 834 Orange 24.5X50.5 flame,,Active,Inactivate
Studio Wovin Wall,0-80-102,INACTIVE STEEL 2' x 8' x .05'',,Active,Discontinue
Studio Wovin Wall,0-80-101,INACTIVE RUST 2' x 8' x .05'',,Active,Discontinue
Studio Wovin Wall,0-80-040,POLYETHYLENE 133Blue 24.5X50.5 cerulean,,Active,Inactivate
Studio Wovin Wall,0-80-007,WILSONART SATIN BRUSHED GOLD ALUM 6258,,Active,Inactivate
Studio Wovin Wall,0-80-039,POLYETHYLENE 489 Red 24.5X50.5 matador,,Active,Inactivate
Studio Wovin Wall,0-80-029,WILSONART 6284 BRUSHED COPPER ALUMINUM,,Active,Inactivate
Studio Wovin Wall,0-80-025,TREE FROG 60812 TEAK SABBIATA,,Active,Inactivate
Studio Wovin Wall,3-80-007,INACTIVE RIPPLE WALL SPACER,,Active,Discontinue
Studio Wovin Wall,0-80-002,TREE FROG WENGE CROWN 4 x 8 60705,,Active,Inactivate
Studio Wovin Wall,3-80-008,INACTIVE WAVE WALL SPACER,,Active,Discontinue
Studio Wovin Wall,0-80-042,POLYETHYLENE 905Blue 24.5X50.5 caribbean,,Active,Inactivate
Studio Wovin Wall,0-80-023,TREE FROG 60204 WHITE OAK STRAIGHT GRAIN,,Active,Inactivate
Studio Wovin Wall,0-80-022,TREE FROG 60104 MAPLE STRAIGHT GRAIN,,Active,Inactivate
Studio Wovin Wall,0-80-001,TREEGROG AMERICAN WALNUT CROWN 4X8 60405,,Active,Inactivate
Studio Wovin Wall HW,3-80-9001,PVC ALIGNMENT STRIP 96'',,Active,Inactivate
Studio Wovin Wall HW,3-80-9000,PVC ALIGNMENT STRIP (200),,Active,Inactivate
Varia,0-50-066,IMAGE SALT CEDAR,,Active,Inactivate
Varia,0-51-166,FABRIC VOILE OWL (DW),,Active,PMA (product management approval)
Varia,0-51-164,FABRIC VOILE MOAB (DW),,Active,PMA
Varia,0-51-162,FABRIC VOILE PANDORA (DW),,Active,PMA
Varia,"0-50-163, 0-50-164, 0-50-165, 0-50-166, 0-50-167, 0-50-494, 0-50-495, 0-50-496, 0-50-497, 0-50-498",Thrive,,Active,Inactivate
Varia,"0-50-135, 0-50-137",Gather,,Active,Inactivate
Varia,0-50-483,LASSO COAL,,Active,Inactivate
Varia,0-50-065,IMAGE MONEY PLANT,,Active,Inactivate
Varia,0-51-071,VECTOR THREAD- Dark Grey,,Active,Inactivate
Varia,0-51-070,VECTOR THREAD- Light Grey,,Active,Inactivate
Varia,0-50-471,IMAGE LASSO NATURAL,,Active,Inactivate
Varia,0-50-7036,FABRIC ION GREEN TEA II,,Active,Inactivate
Varia,0-50-119,FABRIC MESA (TAFFETA),,Active,Inactivate
Varia,0-50-148,FABRIC ALUMINUM (TAFFETA),,Active,PMA
Varia,0-51-161,FABRIC VOILE SEAPORT (DW),,Active,PMA
Varia,0-51-162,FABRIC VOILE PANDORA (DW),,Active,PMA
Varia,0-51-164,FABRIC VOILE MOAB (DW),,Active,PMA
Varia,0-51-166,FABRIC VOILE OWL (DW),,Active,PMA
Varia,0-51-168,FABRIC VOILE SWORD (DW),,Active,PMA
Varia,0-51-712,PURE ROSE GOLD,,Active,PMA
Varia,0-51-110,FABRIC TWIST VOILE FOG DW,,Active,PMA
Varia,0-51-144,FABRIC DW TWIST VOILE BLACK,,Active,PMA
Varia,0-51-216,FABRIC MINT (SPARKLE),,Active,PMA
Varia,0-51-163,FABRIC VOILE ETHEREAL (DW),,Active,PMA
Varia,0-51-169,FABRIC VOILE CHAMPAGNE 2  (DW),,Active,PMA
Varia,0-51-142,FABRIC MOCHA (BRILLIANCE),,Active,PMA
Varia,0-51-167,FABRIC VOILE ICECAP (DW),,Active,PMA
Varia,0-51-654,FABRIC PURE COPPER TISSUE,,Active,Inactivate
Varia,0-50-158,FABRIC FJORD 2 (TAFFETA),,Active,Inactivate
HARDWARE,,,,,
Hardware,3-15-1551,"EDGE TRIM FOR 5/8"" DUO",,Active,Inactive
Hardware,3-15-1550,"EDGE TRIM FOR 1/4"" DUO",,Active,Inactive
HW Cable,3/15/48,INACTIVE TS BARREL NUT MALE FOR 3/8'',,Inactive,Discontinue
HW Cable,3/15/49,INACTIVE TS BARREL NUT FEMALE FOR 3/8'',,Inactive,Discontinue
HW Cable,3-15-1798,INACTIVE TS BARREL NUT MALE FOR 1/2'',,Inactive,Discontinue
HW Cable,3-15-0752,"INACTIVE 3/4"" CROSS SINGLE CONNECTOR",,Inactive,Discontinue
HW Cable,3-15-0765,"INACTIVE 20MMCAP, W/17MM M6 THREAD",,Inactive,Discontinue
HW Frame,3-15-1008,INACTIVE BLOCK TOP SUPPORT TOP CHANNEL,,Inactive,Discontinue
HW Frame,3-15-1799,INACTIVE TS BARREL NUT FEMALE FOR 1/2'',,Inactive,Discontinue
HW Frame,3-15-1794,INACTIVE TOP SUPPORT BOTTOM CHANNEL,,Inactive,Discontinue
HW Frame,3-15-1793,INACTIVE TOP SUPPORT EXTRUSION CHANNEL,,Inactive,Discontinue
HW Frame,3-15-0862,INACTIVE TOP SUPPORT DRILL TEMPLATE,,Inactive,Discontinue
HW Frame,3-15-1015,"1/8 x 3/4x 4"" Setting Block w/VHB tape",,,Discontinue
HW Frame,3-15-1016,"1/4 x 3/4x 4"" Setting Block w/VHB tape",,,Discontinue
HW Frame,3-15-1017,INACTIVE TOP SUPPORT GLASS SUPPORT BLOCK,,Inactive,Discontinue
HW Frame,3-15-1014,"1/16 x 3/4x 4"" SETTING BLOCK W/VHB TAPE",,,Discontinue
HW Frame,3-15-1007,INACTIVE END CAP TOP SUPPORT EXTRUSION,,Inactive,Discontinue
HW Point Support,3/15/91,"M4x0.7, 10MM COUNTERSUNK SCREW 18-8SS",,,Discontinue
HW Point Support,3-15-0710,"10-32 x 3/4"" THRD-FORMING PAN HEAD",,,Discontinue
HW Point Support,3-15-1004,PLASTIC TUBING CUTTER,,active,Inactive
HW Shapes,3-15-1673,INACTIVE GRIPPER FOR CABLE,,Inactive,Discontinue
HW Shapes,3/15/90,INACTIVE BALL PLUNGER CAP,,Inactive,Discontinue
HW Struttura,3-15-0875,ALUMINUM U-CHANNEL FOR 3/8'',,Inactive,Discontiue
HW Versa,0-15-0117,VERSA SQUARE EXTRUSION - 248'',,Active,PMA
Lighting,3-60-747,DISCONTINUED SGA12U18-P1J CV,,,Discontinue
Lighting,3-60-760,LIGHT PANEL BOXWALL ATTACH BRACKET,,,Discontinue
Lighting,3-60-761,LIGHT PANEL BOXWALL SIDE ATTACH BRACKET,,,Discontinue
Lighting,3-60-003,10' PATCH CABLE,,,Discontinue
Lighting,3-60-703,INACTIVE VIVID MAGIC BOX,,Inactive,Discontinue
Lighting,3-60-474,INACTIVE HP LED Bar WW 46.0 in 25 deg,,Inactive,Discontinue
Lighting,3-60-481,"HP 12"" FEMALE POWER FEED CABLE",,,Discontinue
Lighting,3-60-467,INACTIVE HP LED Bar CW 28.0 in 25 deg,,Inactive,Discontinue
Lighting,3-60-701,INACTIVE VIVID NW 22 INCH LED BAR,,Inactive,Discontinue
Lighting,3-60-480,"HP M/F 48"" JUMPER CABLE",,,Discontinue
Lighting,3-60-472,INACTIVE HP LED Bar WW 28.0 in 25 deg,,Inactive,Discontinue
Lighting,3-60-706,INACTIVE VIVID HIGH ADJUSTABLE BRACKET,,Inactive,Discontinue
Lighting,3-60-720,3FLEX DIRECT NW 4500K,,,Discontinue
Lighting,3-60-740,"HP 10"" LOW PROFILE 4100K 30DEG",,,Discontinue
Lighting,3-60-381,ADJUSTABLE BRACKET,,,Discontinue
Lighting,3-60-700,INACTIVE VIVID NW 44 INCH LED BAR,,Inactive,Discontinue
Lighting,3-60-702,INACTIVE VIVID NW 5.5 INCH LED BAR,,Inactive,Discontinue
Lighting,3-60-2256,JUNCTION BOX FOR HARD WIRED POWER SUPPLY,,,Discontinue
Lighting,3-60-707,INACTIVE VIVID LOW SURFACE MOUNT BRACKET,,Inactive,Discontinue
Lighting,3-60-709,INACTIVE FLAT 4-WIRE FOR VIVID,,Inactive,Discontinue
Lighting,3-60-710,INACTIVE FLAT 4-WIRE VIVID CONNECTOR,,Inactive,Discontinue
Lighting,3-60-721,3FLEX DIRECT WW,,,Discontinue
Lighting,3-60-722,3FLEX DIRECT CW,,,Discontinue
Lighting,3-60-764,LITE FLEX,,active,Inactive
Lighting,3-60-2247,"SMS#6x1, AB,PAN,PHIL,18-8SS-LB BRACK SCR",,,Discontinue
Lighting,3-60-120,LED TAPE RED,,,Discontinue
Lighting,3-60-119,LED TAPE Blue,,,Discontinue
Lighting Wovin Wall,3-60-201,T4 PLUG USED IN WOVIN,,,Discontinue
Lighting Wovin Wall,3-60-203,"T4- 24"" JUMPER CABLE USED IN WOVIN WALL",,,Discontinue
Lighting Wovin Wall,3-60-204,T4 HARDWIRE CONNECTOR,,,Discontinue
From Last Fall 2017 Inactive,,,,,
,MOLD-GENOA-8 and MOLD-GENOA-10,Genoa,,Inactive,Discontinue
,MOLD-LAVA-8 and MOLD-LAVA-10,Lava,,Inactive,Discontinue
,MOLD-SPA-8 and MOLD-SPA-10,Spa,,Inactive,Discontinue
,MOLD-TUMBLE-8 and MOLD-TUMBLE-10,Tumble,,Inactive,Discontinue
,MOLD-VIA-8 and MOLD-VIA-10,Via,,Inactive,Discontinue
,MOLD-HIVE_SMALL-8 and MOLD-HIVE_SMALL-10,Hive Small,,Inactive,Discontinue
,MOLD-TILESLG-8 and MOLD-TILESLG-10,Tile Large,,Inactive,Discontinue
,MOLD-SPRAY-8,Hint Spray,,Inactive,Discontinue
Textiles,0-50-179,Atmosphere Thyme 2,,Inactive,Discontinue
Wave Wall,see below,Wave Wall,see below,Inactive,Discontinue
,0-80-9005,"Wave Wall Bracket 120"" ETA 16 Finish",,Inactive,Discontinue
,0-80-9006,"Wave Wall Bracket 120"" Buffed ETA 16",,Inactive,Discontinue
,0-80-9007,"Wave Wall Mount (Wall) 120"" Mill w/ holes",,Inactive,Discontinue
,3-80-008,Wave Wall Spacer,,Inactive,Discontinue
Ripple Wall,see below,Ripple Wall,see below,Inactive,Discontinue
,3-80-007,Ripple Wall Spacer,,Inactive,Discontinue
100 Percent,See Below,100 Percent,See Below,Inactive,Discontinue
,0-12-110,"Dark Green 99""",,Inactive,Discontinue
,0-12-110A,"Dark Green 97.75""",,Inactive,Discontinue
,0-12-110B,"Dark Green 49.25""",,Inactive,Discontinue
,0-12-111,"Light Green 99""",,Inactive,Discontinue
,0-12-111A,"Light Green 97.75""",,Inactive,Discontinue
,0-12-111B,"Light Green 49.25""",,Inactive,Discontinue
,0-12-112,"Honey 99""",,Inactive,Discontinue
,0-12-112A,"Honey 97.75""",,Inactive,Discontinue
,0-12-112B,"Honey 49.25""",,Inactive,Discontinue
,0-12-113,"Light Blue 99""",,Inactive,Discontinue
,0-12-113A,"Light Blue 97.75""",,Inactive,Discontinue
,0-12-113B,"Light Blue 49.25""",,Inactive,Discontinue
,0-12-114,"Medium Blue 99""",,Inactive,Discontinue
,0-12-114A,"Medium Blue 97.75""",,Inactive,Discontinue
,0-12-114B,"Medium Blue 49.25""",,Inactive,Discontinue
,0-12-115,"Medium Gray 99""",,Inactive,Discontinue
,0-12-115A,"Medium Gray 97.75""",,Inactive,Discontinue
,0-12-115B,"Medium Gray 49.25""",,Inactive,Discontinue
,0-12-116,"Natural 99""",,Inactive,Discontinue
,0-12-116A,"Natural 97.75""",,Inactive,Discontinue
,0-12-116B,"Natural 49.25""",,Inactive,Discontinue
,0-12-118,"Orange 99""",,Inactive,Discontinue
,0-12-118A,"Orange 97.75""",,Inactive,Discontinue
,0-12-118B,"Orange 49.25""",,Inactive,Discontinue
,3-30-016,Cut Grass,,Inactive,Discontinue
,3-30-017,Orange ,,Inactive,Discontinue
,3-30-018,Nightsky,,Inactive,Discontinue
,3-30-019,Snowmelt,,Inactive,Discontinue
Elemental,See Below,Elemental,See Below,Inactive,Discontinue
,0-80-100,"Patina Rust .05""",,Inactive,Discontinue
,0-80-101,"Rust .05""",,Inactive,Discontinue
,0-80-102,"Steel .05""",,Inactive,Discontinue
,0-80-103,"Patina Copper .05""",,Inactive,Discontinue
,0-80-104,"Galvanized Copper .05""",,Inactive,Discontinue
,0-80-110,"Patina Rust .25""",,Inactive,Discontinue
,0-80-111,"Rust .25""",,Inactive,Discontinue
,0-80-112,"Steel .25""",,Inactive,Discontinue
,0-80-113,"Patina Copper .25""",,Inactive,Discontinue
,0-80-114,"Galvanized Copper .25""",,Inactive,Discontinue
Stone,3-25-108,Trace Bone - Honed,,Inactive,Discontinue
Stone,3-25-109,Trace Bone - Polished,,Inactive,Discontinue
Stone,3-25-110,Trace Dune - Honed,,Inactive,Discontinue
Stone,3-25-111,Trace Dune - Polished,,Inactive,Discontinue
SPECIAL - APRIL 2018,,,,,
Concept Sample 1216,N/A,,,Active,Discontinue
,,,,,
,,,,,
SPRING 2018,,,,,
,,,,,
Chroma Finishes,N/A,Stucco,,Active,Inactive
Chroma Finishes,N/A,Grid,,Active,Inactive
Chroma Finishes,N/A,Sandstone,,Active,Inactive
Chroma Finishes,N/A,Grain,,Active,Inactive
Chroma Finishes,N/A,Velvet,,Active,Inactive
Chroma Finishes,N/A,Patina,,Active,Inactive
Chroma Finishes,N/A,Supermatte,,Active,Inactive
Chroma Finishes,N/A,Polish - Part of concept sample,,Active,Inactive
Chroma Finishes,N/A,Patina Plus,,Active,Inactive
Chroma Finishes,N/A,Satin,,Active,Inactive
Chroma Finishes,N/A,SFX Frost,,Active,Inactive
,0-40-021,Parametre Screen,,Active,Discontinue
,0-40-022,Parametre Screen,,Active,Discontinue
,"0-50-084, 0-50-060",Ithemba,,Active,Inactive
,0-50-088,Asha,,Active,Inactive
,"3-60-100C, 3-60-101C, 3-60-102C, 3-60-103C, 3-60-105C, 3-60-107C, 3-60-108C",Wovin Wall Lighting,Brandon to provide list to Gavan,Active,Discontinue
,0-50-468,Field,,Active,Inactive
,0-50-503,Crush Pure,crush_pure,Active,Inactive
,same as above,Crush Max Pure,crush_max_pure,Active,Inactive
,0-50-460,Take',,Active,Inactive
,0-50-609,Sada,,Active,Inactive
,N/A,Pulse,,Active,Inactive
,3-25-109,Trace Bone Polished,web product name is just 'bone',Inactive,Discontinue
,0-51-800,"EBONY FELT 1/4""X48""X96"" untrimmed",QTY on Hand 139,Active,Discontinue
,0-51-801,"DARK GRAY FELT 1/4""X48""X96""untrimmed",330,Active,Inactive
,0-51-802,"ORE FELT 1/4""X48""X96""untrimmed",283,Active,Inactive
,0-51-803,"NICKEL FELT 1/4""X48""X96""untrimmed",106,Active,Discontinue
,0-51-804,"ZINC FELT 1/4""X48""X96""untrimmed",175,Active,Discontinue
,0-51-805,"BURNT UMBER FELT 1/4""X48""X96""untrimmed",164,Active,Discontinue
,0-51-806,"CASHMERE FELT 1/4""X48""X96""untrimmed",103,Active,Discontinue
,0-51-807,"CAST FELT 1/4""X48""X96""untrimmed",46,Active,Discontinue
,0-51-850,"EBONY FELT 3/16""X48""X96''",143,Active,Discontinue
,0-51-851,"DARK GRAY FELT 3/16""X48""X96''",198,Active,Inactive
,0-51-852,"ORE FELT 3/16""X48""X96''",196,Active,Inactive
,0-51-853,"NICKEL FELT 3/16""X48""X96''",173,Active,Discontinue
,0-51-854,"ZINC FELT 3/16""X48""X96''",195,Active,Discontinue
,0-51-855,"BURNT UMBER FELT 3/16""X48""X96''",194,Active,Discontinue
,0-51-856,"CASHMERE FELT 3/16""X48""X96''",199,Active,Discontinue
,0-51-857,"CAST FELT 3/16""X48""X96''",171,Active,Discontinue
,LTA-6-10-1050,"CAST FELT 9mmX48""X96'' untrimmed",157,Active,Discontinue
,LTA-6-10-1051,"ORE FELT 9mmX48""X96'' untrimmed",134,Active,Inactive
,LTA-6-10-1052,"NICKEL FELT 9mmX48""X96'' untrimmed",176,Active,Discontinue
* From Spring 2017 - Need to go from Inactive to Discontinued now that it has been 12 months,,,,,
Tailored,0-50-178,Atmosphere Stone 2,,Inactive,Discontinue
Tailored,0-50-059,Drift Green,,Inactive,Discontinue
Tailored,0-51-772,Flock Carrot,,Inactive,Discontinue
Tailored,0-51-771,Flock Cove,,Inactive,Discontinue
Tailored,0-51-773,Flock Stem,,Inactive,Discontinue
Tailored,0-51-770,Flock Cotton,,Inactive,Discontinue
Tailored,0-51-721,Hush Caspian,,Inactive,Discontinue
Tailored,0-51-720,Hush Lichen,,Inactive,Discontinue
Tailored,0-51-722,Hush Masala,,Inactive,Discontinue
Tailored,0-51-724,Hush Gesso,,Inactive,Discontinue
Tailored,0-55-127,Linea Ochre,,Inactive,Discontinue
Tailored,0-55-104,Linea Vert,,Inactive,Discontinue
Tailored,0-50-055,Linen Wheat,,Inactive,Discontinue
Tailored,0-51-665,Scribble Honey,,Inactive,Discontinue
Tailored,0-51-663,Scribble Spice,,Inactive,Discontinue
Tailored,0-55-145,Silken Blueberry,,Inactive,Discontinue
Tailored,0-55-143,Silken Caramel,,Inactive,Discontinue
Tailored,0-55-144,Silken Ruby,,Inactive,Discontinue
Tailored,"0-51-518, 0-51-519, 0-51-520",Wander Coastal,,Inactive,Discontinue
Tailored,"0-51-506, 0-51-507, 0-51-508, 0-51-509, 0-51-510, 0-51-511, 0-51-512, 0-51-513, 0-51-514",Mirage Claret St -C,,Inactive,Discontinue
Tailored,see above,Mirage Claret Twrl -C,,Inactive,Discontinue
Tailored,"0-51-533, 0-51-534, 0-51-535, 0-51-536, 0-51-537, 0-51-538, 0-51-539, 0-51-540, 0-51-541, 0-51-515, 0-51-516, 0-51-517",Mirage Aquarius St -C,,Inactive,Discontinue
Tailored,see above,Mirage Aquarius trl -C,,Inactive,Discontinue
Tailored,N/A,Mirage Twilight TRl -C,,Inactive,Discontinue
Tailored,N/A,Mirage Java Twrl-C,,Inactive,Discontinue
Tailored,0-51-543,Wander Dove,,Inactive,Discontinue
Metallics,0-70-105,Mirror Noise Gradient,,Inactive,Discontinue
Metallics,0-50-109,Quattro Khaki 2,,Inactive,Discontinue
Metallics,0-50-632,Regency Gold,,Inactive,Discontinue
Metallics,"0-50-635,
0-50-636",Regency Silver,,Inactive,Discontinue
Metallics,0-51-662,Tempo Copper,,Inactive,Discontinue
Metallics,0-51-660,Tempo Ice,,Inactive,Discontinue
Metallics,"0-50-202, 0-50-202V, 0-50-212, 0-50-212V",Eclipse,,Inactive,Discontinue
Metallics,"0-51-637,
0-51-638,
0-51-639",Electra Copper,,Inactive,Discontinue
Metallics,"0-51-634,
0-51-635,
0-51-636",Electra Gold,,Inactive,Discontinue
Metallics,"0-51-631,
0-51-632,
0-51-633",Electra Silver,,Inactive,Discontinue
Metallics,0-51-669,Flashback,,Inactive,Discontinue
Metallics,0-70-103,Mirror Decibel Band,,Inactive,Discontinue
Metallics,0-70-104,Mirror Noise Full,,Inactive,Discontinue
Metallics,0-70-101,Mirror Lush ,,Inactive,Discontinue
Metallics,0-50-633,Hollywood Gold -C,,Inactive,Discontinue
Metallics,0-50-634,Hollywood Silver -C,,Inactive,Discontinue
Metallics,"0-50-221, 0-50-224",Mega Cirque,,Inactive,Discontinue
Color Weave,0-51-107,Kiwi,,Inactive,Discontinue
Color Weave,0-50-103,Mango,,Inactive,Discontinue
Color Weave,0-50-105,Bali,,Inactive,Discontinue
Color Weave,0-50-107,Aegean,,Inactive,Discontinue
Color Weave,0-50-144,Melody -A ,,Inactive,Discontinue
Color Weave,0-51-146,AeroPlus Emerald,,Inactive,Discontinue
Tailored,N/A,Truss,Move to Pattern+,Inactive,Discontinue
Tailored,"0-50-326, 0-50-334",Marrakesh White,Move to Pattern+,Inactive,Discontinue
Tailored,"0-50-206, 0-50-228",Micro Cirque,Move to Pattern+,Inactive,Discontinue
Premium Finish,N/A,Markerboard,,Inactive,Discontinue
Premium Finish,N/A,Screen,,Inactive,Discontinue
HighRes,N/A,Concrete,,Active,Discontinue
,,,,,
Dec-17,,,,,
HighRes,N/A,Volar ,Discontinued but now own the right. Now an active product,Active,Active
HighRes,N/A,Avia,Discontinued but now own the right. Now an active product,Active,Active
Profile,N/A,Profile Film-Elemental Silk,,Active,Discontinue
Profile,N/A,Profile Film - Cordoba Pine,,Active,Discontinue
,,,,,
,,,,,
,,,,,
FALL 2017,,,,,
Textures,MOLD-VERTU_V_MONDO-8 and MOLD-VERTU_V_MONDO-10,Vertu V Mondo,,Active,Inactive
,MOLD-FREEZE-8 and MOLD-FREEZE-10,Freeze,,Active,Inactive
,MOLD-GENOA-8 and MOLD-GENOA-10,Genoa,,Active,Inactive
,MOLD-LAVA-8 and MOLD-LAVA-10,Lava,,Active,Inactive
,MOLD-QUO_MEZZO-8 and MOLD-QUO_MEZZO-10,Quo Mezzo,,Active,Inactive
,MOLD-SPA-8 and MOLD-SPA-10,Spa,,Active,Inactive
,MOLD-SPLASH-8 and MOLD-SPLASH-10,Splash,,Active,Inactive
,MOLD-TUMBLE-8 and MOLD-TUMBLE-10,Tumble,,Active,Inactive
,MOLD-VIA-8 and MOLD-VIA-10,Via,,Active,Inactive
,MOLD-HIVE_LARGE-8 and MOLD-HIVE_LARGE-10,Hive Large,,Active,Inactive
,MOLD-HIVE_SMALL-8 and MOLD-HIVE_SMALL-10,Hive Small,,Active,Inactive
,MOLD-TILESLG-8 and MOLD-TILESLG-10,Tile Large,,Active,Inactive
,MOLD-SPRAY-8,Hint Spray,,Active,Inactive
Textiles,0-50-179,Atmosphere Thyme 2,,Active,Inactive
Profile Concrete,N/A,Profile Concrete,,Active,Discontinue
Wave Wall,see below,Wave Wall,see below,Active,Inactive
,0-80-9005,"Wave Wall Bracket 120"" ETA 16 Finish",,Active,Inactive
,0-80-9006,"Wave Wall Bracket 120"" Buffed ETA 16",,Active,Inactive
,0-80-9007,"Wave Wall Mount (Wall) 120"" Mill w/ holes",,Active,Inactive
,3-80-008,Wave Wall Spacer,,Active,Inactive
Ripple Wall,see below,Ripple Wall,see below,Active,Inactive
,3-80-007,Ripple Wall Spacer,,Active,Inactive
100 Percent,See Below,100 Percent,See Below,Active,Inactive
,0-12-110,"Dark Green 99""",,Active,Inactive
,0-12-110A,"Dark Green 97.75""",,Active,Inactive
,0-12-110B,"Dark Green 49.25""",,Active,Inactive
,0-12-111,"Light Green 99""",,Active,Inactive
,0-12-111A,"Light Green 97.75""",,Active,Inactive
,0-12-111B,"Light Green 49.25""",,Active,Inactive
,0-12-112,"Honey 99""",,Active,Inactive
,0-12-112A,"Honey 97.75""",,Active,Inactive
,0-12-112B,"Honey 49.25""",,Active,Inactive
,0-12-113,"Light Blue 99""",,Active,Inactive
,0-12-113A,"Light Blue 97.75""",,Active,Inactive
,0-12-113B,"Light Blue 49.25""",,Active,Inactive
,0-12-114,"Medium Blue 99""",,Active,Inactive
,0-12-114A,"Medium Blue 97.75""",,Active,Inactive
,0-12-114B,"Medium Blue 49.25""",,Active,Inactive
,0-12-115,"Medium Gray 99""",,Active,Inactive
,0-12-115A,"Medium Gray 97.75""",,Active,Inactive
,0-12-115B,"Medium Gray 49.25""",,Active,Inactive
,0-12-116,"Natural 99""",,Active,Inactive
,0-12-116A,"Natural 97.75""",,Active,Inactive
,0-12-116B,"Natural 49.25""",,Active,Inactive
,0-12-118,"Orange 99""",,Active,Inactive
,0-12-118A,"Orange 97.75""",,Active,Inactive
,0-12-118B,"Orange 49.25""",,Active,Inactive
,3-30-016,Cut Grass,,Active,Inactive
,3-30-017,Orange ,,Active,Inactive
,3-30-018,Nightsky,,Active,Inactive
,3-30-019,Snowmelt,,Active,Inactive
Elemental,See Below,Elemental,See Below,Active,Inactive
,0-80-100,"Patina Rust .05""",,Active,Inactive
,0-80-101,"Rust .05""",,Active,Inactive
,0-80-102,"Steel .05""",,Active,Inactive
,0-80-103,"Patina Copper .05""",,Active,Inactive
,0-80-104,"Galvanized Copper .05""",,Active,Inactive
,0-80-110,"Patina Rust .25""",,Active,Inactive
,0-80-111,"Rust .25""",,Active,Inactive
,0-80-112,"Steel .25""",,Active,Inactive
,0-80-113,"Patina Copper .25""",,Active,Inactive
,0-80-114,"Galvanized Copper .25""",,Active,Inactive
Metallics,0-50-109,Quattro Khaki 2,,Inactive,Discontinue
Metallics,0-70-104,Noise Full,,Inactive,Discontinue
Metallics,0-70-105,Noise Gradient,,Inactive,Discontinue
Stone,3-25-108,Trace Bone - Honed,,Active,Inactive
Stone,3-25-109,Trace Bone - Polished,,Active,Inactive
Stone,3-25-110,Trace Dune - Honed,,Active,Inactive
Stone,3-25-111,Trace Dune - Polished,,Active,Inactive
Felt,,Acoustic Felt,Name Change,Acoustic Felt,Sola Felt
Textures,,Pop,Price Group Change,Price group D,Price group C
* From Fall 2016 - Need to go from Inactive to Discontinued now that it has been 12 months,,,,,
Organics,0-52-100,Curly Willow,,Inactive,Discontinue
Organics,0-50-479,Hydrangea Thatch,Red Hydrangea Flower,Inactive,Discontinue
Organics,0-50-431,Prairie,Prairie - Natural Raffia,Inactive,Discontinue
Organics,"0-50-484, 0-50-485",Spring Fever,"Bougainvillea Purple, Jungle Red Flame",Inactive,Discontinue
Organics,"0-50-489, 0-50-490",Tea Party,"Cosmos Flower, Alyssum Flower",Inactive,Discontinue
Organics,0-54-006,Thicket Ice,,Inactive,Discontinue
Organics,0-54-007,Thicket Fire,,Inactive,Discontinue
HiRes,N/A,Maindenhair,HiRes Print,Inactive,Discontinue
Artisan,N/A,Borderline Criss Cross,Parts needed for other product,Inactive,Discontinue
Artisan,N/A,Borderline Bear Grass,Parts needed for other product,Inactive,Discontinue
Artisan,N/A,Borderline Fossil Leaf,Parts needed for other product,Inactive,Discontinue
Artisan,N/A,Borderline Thatch,Parts needed for other product,Inactive,Discontinue
Organics,0-50-092,Fossil Leaf Green (392U),Large Fossil Leaves 392U Green,Inactive,Discontinue
Organics,0-50-091,Fossil Leaf Red (173U),Large Fossil Leaves 173U Red,Inactive,Discontinue
Artisan,0-50-561,Ponder Natural,Replaced with Spin,Inactive,Discontinue
Artisan,0-50-560,Ponder Dark,Replaced with Spin,Inactive,Discontinue
Artisan,N/A,Lasso Coal x2,Parts needed for other product,Inactive,Discontinue
Artisan,"0-53-106, 0-53-116",Capiz Turquoise Blue,"1"" Blue Shell, 1"" Turquoise Shell",Inactive,Discontinue
Artisan,N/A,Mix Blue,Parts needed for other product,Inactive,Discontinue
Artisan,N/A,Mix Dark,Parts needed for other product,Inactive,Discontinue
Artisan,N/A,Mix Green,Parts needed for other product,Inactive,Discontinue
Artisan,N/A,Mix White,Parts needed for other product,Inactive,Discontinue
Ditto,3/15/52,Ditto 3mm Cable Attachment,Ditto attachments/connectors/washer,Inactive,Discontinue
Ditto,3-85-0001,Ditto 3D Connector,,Inactive,Discontinue
Ditto,3-85-0002,Ditto Double Flush Connector,,Inactive,Discontinue
Ditto,3-85-0003,Ditto Quad Flush Connector,,Inactive,Discontinue
Ditto,3-85-0004,Ditto M8 Countersunk Washer,,Inactive,Discontinue
Ditto,3-85-0005,Ditto Ceiling Tile Mounting Plate,,Inactive,Discontinue
Ditto,3-85-0001-K,Ditto 3D Connector,,Inactive,Discontinue
Ditto,3-85-0002-K,Ditto Double Flush Connector,,Inactive,Discontinue
Ditto,3-85-0003-K,Ditto Quad Flush Connector,,Inactive,Discontinue
Ditto,3-85-0004-K,Ditto M8 Countersunk Washer,,Inactive,Discontinue
Ditto,3-85-0005-K,Ditto Ceiling Tile Mounting Plate,,Inactive,Discontinue
Ditto,3-85-0006,Ditto 3D Connector Body,,Inactive,Discontinue
Ditto,3-85-0007,Ditto Quad Flush Connector Body,,Inactive,Discontinue
Ditto,3-85-0008,Ditto Double Flush Connector Body,,Inactive,Discontinue
Ditto,3-85-0009,Ditto Connector Snap Ring Body,,Inactive,Discontinue
Ditto,0-80-049,ASH (ELM  SW-76),Wood finishes for Ditto,Inactive,Discontinue
Ditto,0-80-050,WALNUT (WALNUT  SW-24),Wood finishes for Ditto,Inactive,Discontinue
Ditto,0-80-051,NATURAL (NAKED WOOD  SW-124),Wood finishes for Ditto,Inactive,Discontinue
Ditto,0-80-060,LATTE OAK (SW-64),Wood finishes for Ditto,Inactive,Discontinue
Ditto,0-80-061,CHERRY (WA-227),Wood finishes for Ditto,Inactive,Discontinue
Ditto,0-80-062,TEAK (W-210),Wood finishes for Ditto,Inactive,Discontinue
Ditto,0-80-059,FIGURED WHITE OAK (W-716),Wood finishes for Ditto,Inactive,Discontinue
Ditto,0-80-052,WHITEWASH,Wood finishes for Ditto,Inactive,Discontinue
Ditto,DIR-013-02-K,"1/16"" Vapor Ditto Tile",part of Direct program,Inactive,Discontinue
Ditto,DIR-150-01-K,"1/16"" Bliss*3 Ditto Tile",part of Direct program,Inactive,Discontinue
Ditto,DIR-151-01-K,"1/16"" Titanium Ditto Tile",part of Direct program,Inactive,Discontinue
Ditto,DIR-152-01-K,"1/16"" Mai Tai + Cranberry Ditto Tile",part of Direct program,Inactive,Discontinue
Ditto,DIR-153-01-K,"1/16"" Marsh*2 Ditto Tile",part of Direct program,Inactive,Discontinue
Ditto,DIR-154-01-K,"1/16"" Moss*2 Ditto Tile",part of Direct program,Inactive,Discontinue
Ditto,DIR-155-01-K,"1/16"" Marigold*2 Ditto Tile",part of Direct program,Inactive,Discontinue
Ditto,DIR-156-01-K,"1/16"" Khaki*2 + Sable Ditto Tile",part of Direct program,Inactive,Discontinue
Ditto,DIR-157-01-K,"1/16"" Concord + Marmalade Ditto Tile",part of Direct program,Inactive,Discontinue
Ditto,DIR-158-01-K,"1/16"" White Out Ecoresin Ditto Tile",part of Direct program,Inactive,Discontinue
Ditto,DIR-159-01-K,"1/16"" Bark*3 Ditto Tile",part of Direct program,Inactive,Discontinue
Ditto,DIR-160-01-K,"1/16"" Khaki + White Out Ditto Tile",part of Direct program,Inactive,Discontinue
Ditto,MAN-027,Ditto Manual,,Inactive,Discontinue
100 Percent,3-30-030,100 PERCENT CARBON 1X 4 X 8,,Inactive,Discontinue
100 Percent,3-30-031,"100 PERCENT NORDIC 1"" X 4 X 8",,Inactive,Discontinue
Tailored,N/A,Leaf Autumn Detail,not in inventory,Inactive,Discontinue
Tailored,N/A,Leaf Spring Detail,not in inventory,Inactive,Discontinue
Tailored,N/A,Leaf Winter Detail,not in inventory,Inactive,Discontinue
Tailored,N/A,Leaf Autumn Layered,not in inventory,Inactive,Discontinue
Tailored,N/A,Leaf Spring Layered,not in inventory,Inactive,Discontinue
Tailored,N/A,Leaf Winter Layered,not in inventory,Inactive,Discontinue
Tailored,"0-50-306, 0-50-311",Mega Bulbe,4x8 and 4x10,Inactive,Discontinue
Woods,N/A,HighRes Zebrano Chevron,not in inventory,Inactive,Discontinue
Metallics,0-50-632,Regency Gold,,Inactive,Discontinue
Metallics,"0-50-635,
0-50-636",Regency Silver,,Inactive,Discontinue
SPRING 2017,,,,,
Tailored,0-50-178,Atmosphere Stone 2,,Active,Inactive
Tailored,0-50-059,Drift Green,,Active,Inactive
Tailored,0-51-772,Flock Carrot,,Active,Inactive
Tailored,0-51-771,Flock Cove,,Active,Inactive
Tailored,0-51-773,Flock Stem,,Active,Inactive
Tailored,0-51-770,Flock Cotton,,Active,Inactive
Tailored,0-51-721,Hush Caspian,,Active,Inactive
Tailored,0-51-720,Hush Lichen,,Active,Inactive
Tailored,0-51-722,Hush Masala,,Active,Inactive
Tailored,0-51-724,Hush Gesso,,Active,Inactive
Tailored,0-55-127,Linea Ochre,,Active,Inactive
Tailored,0-55-104,Linea Vert,,Active,Inactive
Tailored,0-50-055,Linen Wheat,,Active,Inactive
Tailored,0-51-665,Scribble Honey,,Active,Inactive
Tailored,0-51-663,Scribble Spice,,Active,Inactive
Tailored,0-55-145,Silken Blueberry,,Active,Inactive
Tailored,0-55-143,Silken Caramel,,Active,Inactive
Tailored,0-55-144,Silken Ruby,,Active,Inactive
Tailored,0-51-520,Wander Coastal,,Active,Inactive
Tailored,,Mirage Claret St -C,,Active,Inactive
Tailored,,Mirage Claret Twrl -C,,Active,Inactive
Tailored,,Mirage Aquarius St -C,,Active,Inactive
Tailored,,Mirage Aquarius trl -C,,Active,Inactive
Tailored,,Mirage Twilight TRl -C,,Active,Inactive
Tailored,,Mirage Java Twrl-C,,Active,Inactive
Tailored,0-51-543,Wander Dove,,Active,Inactive
Metallics,0-70-105,Mirror Noise Gradient,,Active,Inactive
Metallics,0-50-109,Quattro Khaki 2,,Active,Inactive
Metallics,0-50-632,Regency Gold,,Active,Inactive
Metallics,"0-50-635,
0-50-636",Regency Silver,,Active,Inactive
Metallics,0-51-662,Tempo Copper,,Active,Inactive
Metallics,0-51-660,Tempo Ice,,Active,Inactive
Metallics,"0-50-202, 0-50-202V, 0-50-212, 0-50-212V",Eclipse,,Active,Inactive
Metallics,"0-51-637,
0-51-638,
0-51-639",Electra Copper,,Active,Inactive
Metallics,"0-51-634,
0-51-635,
0-51-636",Electra Gold,,Active,Inactive
Metallics,"0-51-631,
0-51-632,
0-51-633",Electra Silver,,Active,Inactive
Metallics,0-51-669,Flashback,,Active,Inactive
Metallics,0-70-103,Mirror Decibel Band,,Active,Inactive
Metallics,0-70-104,Mirror Noise Full,,Active,Inactive
Metallics,0-70-101,Mirror Lush ,,Active,Inactive
Metallics,0-50-633,Hollywood Gold -C,,Active,Inactive
Metallics,0-50-634,Hollywood Silver -C,,Active,Inactive
Metallics,"0-50-221, 0-50-224",Mega Cirque,,Active,Inactive
Color Weave,0-51-107,Kiwi,,Active,Inactive
Color Weave,0-50-103,Mango,,Active,Inactive
Color Weave,0-50-105,Bali,,Active,Inactive
Color Weave,0-50-107,Aegean,,Active,Inactive
Color Weave,0-50-144,Melody -A ,,Active,Inactive
Color Weave,0-51-146,AeroPlus Emerald,,Active,Inactive
Tailored,N/A,Truss,Move to Pattern+,Active,Active
Tailored,"0-50-326, 0-50-334",Marrakesh White,Move to Pattern+,Active,Active
Tailored,"0-50-206, 0-50-228",Micro Cirque,Move to Pattern+,Active,Active
Premium Finish,N/A,Markerboard,,Active,Inactive
Premium Finish,N/A,Screen,,Active,Inactive
Naturals,N/A,Gingko Thatch Pressed,Straight to discontinued,Active,Discontinue
* From Spring 2016 - Need to go from Inactive to Discontinued now that it has been 12 months,,,,,
,,,,,
,0-50-062,Pineapple Weave,,Inactive,Discontinue
,0-50-157,Flint 2,,Inactive,Discontinue
,0-51-147,Periwinkle,,Inactive,Discontinue
,0-50-150,Fuchsia,,Inactive,Discontinue
,0-50-114,Papaya,,Inactive,Discontinue
,0-50-151,Nutmeg,,Inactive,Discontinue
,0-50-118,Bagatelle,,Inactive,Discontinue
,0-51-016,Maidenhair,,Inactive,Discontinue
,n/a,N-04,,Inactive,Discontinue
,n/a,R-06,,Inactive,Discontinue
,n/a,Y-03,,Inactive,Discontinue
,3-30-021,"Nordic 3/8""",,Inactive,Discontinue
,,,,,
* Existing Product Modifications ,,,,,
Artisan,,Migration Saffron,Move to Product Category,Artisan,Textiles
Artisan,,Migration Henna,Move to Product Category,Artisan,Textiles
Artisan,,Migration Gray,Move to Product Category,Artisan,Textiles
Artisan,,Strand White,Move to Product Category,Artisan,Textiles
Artisan,,Strand White Pressed,Move to Product Category,Artisan,Textiles
Artisan,,Strand Iron,Move to Product Category,Artisan,Textiles
Artisan,,Strand Iron Pressed ,Move to Product Category,Artisan,Textiles
Artisan,,Strand Brick,Move to Product Category,Artisan,Textiles
Artisan,,Strand Brick Pressed ,Move to Product Category,Artisan,Textiles
Artisan,,Strand Lake,Move to Product Category,Artisan,Textiles
Artisan,,Strand Lake Pressed ,Move to Product Category,Artisan,Textiles
Tailored,,Mirage Straight Twilight,Change Price Group,C,B
Tailored,,Mirage Straight Twilight Pressed,Change Price Group,C,B
Tailored,,Mirage Straight Java,Change Price Group,C,B
Tailored,,Mirage Straight Java Pressed,Change Price Group,C,B
Tailored,,Wander Dove,Change Price Group,D,B
Tailored,,Wander Dove Pressed,Change Price Group,D,B
Tailored,,Wander Maize,Change Price Group,D,B
Tailored,,Wander Maize Pressed ,Change Price Group,D,B
Tailored,,Wander Night,Change Price Group,D,B
Tailored,,Wander Night Pressed,Change Price Group,D,B
Tailored,,Hush Gesso,Product Name & Part Change,Hush Gesso,Hush Gesso 2
Felt,,Current Felt Category ,Family name change,Felt ,Merino Felt
,,,,,
FALL2016,,,,,
Organics,0-52-100,Curly Willow,,Active,Inactive
Organics,0-50-479,Hydrangea Thatch,Red Hydrangea Flower,Active,Inactive
Organics,0-50-431,Prairie,Prairie - Natural Raffia,Active,Inactive
Organics,"0-50-484, 0-50-485",Spring Fever,"Bougainvillea Purple, Jungle Red Flame",Active,Inactive
Organics,"0-50-489, 0-50-490",Tea Party,"Cosmos Flower, Alyssum Flower",Active,Inactive
Organics,0-54-006,Thicket Ice,,Active,Inactive
Organics,0-54-007,Thicket Fire,,Active,Inactive
HiRes,N/A,Maindenhair,HiRes Print,Active,Inactive
Artisan,N/A,Borderline Criss Cross,Parts needed for other product,Active,Inactive
Artisan,N/A,Borderline Bear Grass,Parts needed for other product,Active,Inactive
Artisan,N/A,Borderline Fossil Leaf,Parts needed for other product,Active,Inactive
Artisan,N/A,Borderline Thatch,Parts needed for other product,Active,Inactive
Organics,0-50-092,Fossil Leaf Green (392U),Large Fossil Leaves 392U Green,Active,Inactive
Organics,0-50-091,Fossil Leaf Red (173U),Large Fossil Leaves 173U Red,Active,Inactive
Artisan,0-50-561,Ponder Natural,Replaced with Spin,Active,Inactive
Artisan,0-50-560,Ponder Dark,Replaced with Spin,Active,Inactive
Artisan,N/A,Lasso Coal x2,Parts needed for other product,Active,Inactive
Artisan,"0-53-106, 0-53-116",Capiz Turquoise Blue,"1"" Blue Shell, 1"" Turquoise Shell",Active,Inactive
Artisan,N/A,Mix Blue,Parts needed for other product,Active,Inactive
Artisan,N/A,Mix Dark,Parts needed for other product,Active,Inactive
Artisan,N/A,Mix Green,Parts needed for other product,Active,Inactive
Artisan,N/A,Mix Light,Parts needed for other product,Active,"Discontinue - supply chain issue, out of tanaka"
Artisan,N/A,Mix White,Parts needed for other product,Active,Inactive
Color Weave,0-51-127,Champagne,Champagne (Buttermilk),Active,"DC, launch Champagne 2"
Artisan,0-50-475,Palau,Name Change,Active,Name change to Coconut Husk Natural
Artisan,,Lattice,Name Change,Active,Name change to Woven Raffia
Ditto,3/15/52,Ditto 3mm Cable Attachment,Ditto attachments/connectors/washer,Active,Inactive
Ditto,3-85-0001,Ditto 3D Connector,,Active,Inactive
Ditto,3-85-0002,Ditto Double Flush Connector,,Active,Inactive
Ditto,3-85-0003,Ditto Quad Flush Connector,,Active,Inactive
Ditto,3-85-0004,Ditto M8 Countersunk Washer,,Active,Inactive
Ditto,3-85-0005,Ditto Ceiling Tile Mounting Plate,,Active,Inactive
Ditto,3-85-0001-K,Ditto 3D Connector,,Active,Inactive
Ditto,3-85-0002-K,Ditto Double Flush Connector,,Active,Inactive
Ditto,3-85-0003-K,Ditto Quad Flush Connector,,Active,Inactive
Ditto,3-85-0004-K,Ditto M8 Countersunk Washer,,Active,Inactive
Ditto,3-85-0005-K,Ditto Ceiling Tile Mounting Plate,,Active,Inactive
Ditto,3-85-0006,Ditto 3D Connector Body,,Active,Inactive
Ditto,3-85-0007,Ditto Quad Flush Connector Body,,Active,Inactive
Ditto,3-85-0008,Ditto Double Flush Connector Body,,Active,Inactive
Ditto,3-85-0009,Ditto Connector Snap Ring Body,,Active,Inactive
Ditto,0-80-049,ASH (ELM  SW-76),Wood finishes for Ditto,Active,Inactive
Ditto,0-80-050,WALNUT (WALNUT  SW-24),Wood finishes for Ditto,Active,Inactive
Ditto,0-80-051,NATURAL (NAKED WOOD  SW-124),Wood finishes for Ditto,Active,Inactive
Ditto,0-80-060,LATTE OAK (SW-64),Wood finishes for Ditto,Active,Inactive
Ditto,0-80-061,CHERRY (WA-227),Wood finishes for Ditto,Active,Inactive
Ditto,0-80-062,TEAK (W-210),Wood finishes for Ditto,Active,Inactive
Ditto,0-80-059,FIGURED WHITE OAK (W-716),Wood finishes for Ditto,Active,Inactive
Ditto,0-80-052,WHITEWASH,Wood finishes for Ditto,Active,Inactive
Ditto,DIR-013-02-K,"1/16"" Vapor Ditto Tile",part of Direct program,Active,Inactive
Ditto,DIR-150-01-K,"1/16"" Bliss*3 Ditto Tile",part of Direct program,Active,Inactive
Ditto,DIR-151-01-K,"1/16"" Titanium Ditto Tile",part of Direct program,Active,Inactive
Ditto,DIR-152-01-K,"1/16"" Mai Tai + Cranberry Ditto Tile",part of Direct program,Active,Inactive
Ditto,DIR-153-01-K,"1/16"" Marsh*2 Ditto Tile",part of Direct program,Active,Inactive
Ditto,DIR-154-01-K,"1/16"" Moss*2 Ditto Tile",part of Direct program,Active,Inactive
Ditto,DIR-155-01-K,"1/16"" Marigold*2 Ditto Tile",part of Direct program,Active,Inactive
Ditto,DIR-156-01-K,"1/16"" Khaki*2 + Sable Ditto Tile",part of Direct program,Active,Inactive
Ditto,DIR-157-01-K,"1/16"" Concord + Marmalade Ditto Tile",part of Direct program,Active,Inactive
Ditto,DIR-158-01-K,"1/16"" White Out Ecoresin Ditto Tile",part of Direct program,Active,Inactive
Ditto,DIR-159-01-K,"1/16"" Bark*3 Ditto Tile",part of Direct program,Active,Inactive
Ditto,DIR-160-01-K,"1/16"" Khaki + White Out Ditto Tile",part of Direct program,Active,Inactive
Ditto,MAN-027,Ditto Manual,,Active,Inactive
100 Percent,3-30-030,100 PERCENT CARBON 1X 4 X 8,,Active,Inactive
100 Percent,3-30-035,"100PERCENT TERRA 1"" X 4 X 8",0 inventory hence straight to discontinued,Active,Discontinued
100 Percent,3-30-031,"100 PERCENT NORDIC 1"" X 4 X 8",,Active,Inactive
Glass,N/A,"1/8"" tempured lites (greater than 20 sq.ft)",not in inventory,Active,Discontinue
Glass,N/A,"5/16"" lites (LI and Clear)",not in inventory,Active,Discontinue
Glass,N/A,Light Satin - All gauges,not in inventory,Active,Discontinue
Glass,N/A,"1/4"" Low Iron Mirror Lites",not in inventory,Active,Discontinue
Glass,N/A,"1/8"" Low Iron Mirror Lites",not in inventory,Active,Discontinue
Tailored,N/A,Leaf Autumn Detail,not in inventory,Active,Inactive
Tailored,N/A,Leaf Spring Detail,not in inventory,Active,Inactive
Tailored,N/A,Leaf Winter Detail,not in inventory,Active,Inactive
Tailored,N/A,Leaf Autumn Layered,not in inventory,Active,Inactive
Tailored,N/A,Leaf Spring Layered,not in inventory,Active,Inactive
Tailored,N/A,Leaf Winter Layered,not in inventory,Active,Inactive
Tailored,"0-50-306, 0-50-311",Mega Bulbe,4x8 and 4x10,Active,Inactive
Woods,N/A,HighRes Zebrano Chevron,not in inventory,Active,Inactive
Profile,N/A,Ultra White,not in inventory,Inactive,Discontinued
Profile,N/A,French Vanilla,not in inventory,Inactive,Discontinued
Profile,N/A,Portuna Light,not in inventory,Inactive,Discontinued
Profile,N/A,Portuna Dark,not in inventory,Inactive,Discontinued
Profile,N/A,Burlington Oak,not in inventory,Inactive,Discontinued
Profile,N/A,Ironwood,not in inventory,Inactive,Discontinued
Wovin/Wave/Ripple,0-80-026,Zebra Wood,not in inventory,Active,Discontinued
SPRING 2016,,,,,
,0-56-001 thru 0-56-045,Cascade,,"Active (Line is DC, skip Inactive step)",Discontinue
,0-51-085,Silver Sequins,,"Active (Line is DC, skip Inactive step)",Discontinue
,0-50-064,Larkspur,,"Active (Line is DC, skip Inactive step)",Discontinue
,0-50-083,Cat Tails,,"Active (Line is DC, skip Inactive step)",Discontinue
,,,,,
,n/a,All Tempured Glass,,Inactive,Change in size: minimum in tempered glass is 8 x 12
,"0-55-150, 0-55-151, 0-55-152",Truss,,Active,Change to HighRes
,"0-55-153, 0-55-154, 0-55-155",Floret,,Active,Discontinue
,n/a,Elements Program,,Inactive,Discontinue
,0-50-089,Bumble,,Inactive,Discontinue
,0-50-234,White Bulbe,,Inactive,Discontinue
,"0-50-251, 252, 253, 254, 255, 256",Strata Agate,,Inactive,Discontinue
,"0-50-261, 262, 263, 264",Strata Water,,Inactive,Discontinue
,"0-50-271, 272, 273, 274",Strata Weave,,Inactive,Discontinue
,0-50-324,Marrakesh Silver,,Inactive,Discontinue
,0-50-339,Mega Sponge Gold,,Inactive,Discontinue
,,,,,
,,,,,
,,,,,
,,,,,
,,,,,
,,,,,
,0-51-667,Grape Voil,,Inactive,Discontinue
,0-50-048,Quattro Seafoam,,Inactive,Discontinue
,0-50-049,Quattro Khaki,,Inactive,Discontinue
,4-10-009,Oxygen,,,Discontinue
,"4-10-037, 4-10-038",Vector,,,Discontinue
,4-10-010,Shadow,,,Discontinue
,,,,,
,0-50-430,Tanaka,,Inactive,Discontinue
,0-50-476,Sonoma Nest and Sonoma,,Inactive,Discontinue
,0-30-066,Diva,,Inactive,Discontinue
,"0-30-072, 0-31-078",Root,,Inactive,Discontinue
,0-30-093,Black Cherry,,Inactive,Discontinue
,0-30-095,Indigo,,Inactive,Discontinue
,,,,,
,,,,,
,,,,,
,0-20-035,Transit,,,Discontinue
,0-20-036,Nappa,,,Discontinue
,3-30-024,"Boulder 3/8""",,Inactive,Discontinue
,3-30-025,"Terra 3/8""",,Inactive,Discontinue
,,,,,
,3-30-022,"Putty 3/8"" ",,Inactive,Discontinue
,,"Chroma 1/4"" gauge",,Active,Inactive
OLD PRODUCTS,,,,,
100 Percent,3-30-034,"100 Percent Boulder 1"" 4x8 (3-30-034)",100 PERCENT BOULDER 1 X 4 X 8,DISCONTINUED,
100 Percent,3-30-024,"100 Percent Boulder 3/8"" 4x8 (3-30-024)",100 PERCENT BOULDER 3/8 X 4 X 8,DISCONTINUED,
100 Percent,3-30-030,"100 Percent Carbon 1"" 4x8 (3-30-030)",100 PERCENT CARBON 1X 4 X 8,was DNR,
100 Percent,3-30-020,"100 Percent Carbon 3/8"" 4x8 (3-30-020)",100 PERCENT CARBON 3/8 X 4 X 8,DISCONTINUED,
100 Percent,3-30-033,"100 Percent Gunmetal 1"" 4x8 (3-30-033)",100 PERCENT GUN METAL 1 X 4 X 8,DISCONTINUED,
100 Percent,3-30-023,"100 Percent Gunmetal 3/8"" 4x8 (3-30-023)",100 PERCENT BOULDER 3/8 X 4 X 8,DISCONTINUED,
100 Percent,3-30-018,"100 Percent Night Sky 1"" 44 x 112",DNR 100 Percent Night SKY,was DNR,
100 Percent,3-30-031,"100 Percent Nordic 1"" 4x8 (3-30-031)","100 PERCENT NORDIC 1"" X 4 X 8",was DNR,
100 Percent,3-30-021,"100 Percent Nordic 3/8"" 4x8 (3-30-021)",100 PERCENT NORDIC 3/8X4X8,see spring 2016 section,
100 Percent,3-30-032,"100 Percent Putty 1"" 4x8 (3-30-032)","100 PERCENT PUTTY 1"" X 4 X 8",DISCONTINUED,
100 Percent,3-30-022,"100 Percent Putty 3/8"" 4x8 (3-30-022)",100 PERCENT PUTTY 3/8 4X8,DISCONTINUED,
100 Percent,3-30-035,"100 Percent Terra 1"" 4x8 (3-30-035)","100 PERCENT TERRA 1"" X 4 X 8",was DNR,
100 Percent,3-30-025,"100 Percent Terra 3/8"" 4x8 (3-30-025)",100 PERCENT TERRA 3/8 X 4 X 8,DISCONTINUED,
100 Percent,0-12-100,100% Rods,Dark Green 7491 Profile- HDPE,DISCONTINUED,
100 Percent,0-12-101,100% Rods,Light Green DS 311 SC Profile- HDPE,DISCONTINUED,
100 Percent,0-12-102,100% Rods,Honey Extruded Profile - HDPE,DISCONTINUED,
100 Percent,0-12-103,100% Rods,Light Blue Extruded Profile - HDPE,DISCONTINUED,
100 Percent,0-12-104,100% Rods,Medium Blue Extruded Profile - HDPE,DISCONTINUED,
100 Percent,0-12-105,100% Rods,Medium Gray Extruded Profile - HDPE,DISCONTINUED,
100 Percent,0-12-106,100% Rods,Natural Extruded Profile - HDPE,DISCONTINUED,
100 Percent,0-12-107,100% Rods,Nordic Extruded Profile - HDPE,DISCONTINUED,
100 Percent,0-12-108,100% Rods,Orange Extruded Profile - HDPE,DISCONTINUED,
100 Percent,0-12-109,100% Rods,Putty  Extruded Profile - HDPE,DISCONTINUED,
Artisan,n/a,ReMix Blue,,DISCONTINUED,
Artisan,n/a,ReMix Dark Natural,,DISCONTINUED,
Artisan,n/a,ReMix Green,,DISCONTINUED,
Artisan,n/a,ReMix Light Natural,,DISCONTINUED,
Artisan,n/a,ReMix White,,DISCONTINUED,
Chroma,0-10-106,"Chroma 1"" 4x10 Optix (0-10-106)","CHROMA 1"" x 48"" x 120"" - OPTIX",DISCONTINUED,
Chroma,0-10-203,"Chroma 1"" 4x10 OPTIX RECYCLED (0-10-203)",CHROMA 1x4x10 Optix Recycled,DISCONTINUED,
Chroma,0-10-083,"Chroma 1"" 4x8 -Optix (0-10-083)","CHROMA 1"" x 48"" x 96"" - OPTIX",DISCONTINUED,
Chroma,0-10-108,"Chroma 1/2"" 4x8 Optix (0-10-108)","CHROMA 1/2"" x 48"" x 96"" OPTIXS",DISCONTINUED,
Chroma,0-10-200,"Chroma 1/2"" 4x8 Optix Recycled (0-10-200)",CHROMA 1/2x4x8 Optix Recycled,DISCONTINUED,
Chroma,0-11-093,"Chroma 1/2"" 4x8 OPTIXS (0-11-093)",CHROMA UV 1/2in 48x96-Optiks OS,DISCONTINUED,
Chroma,0-10-095,"Chroma 1/4"" 51x60 (0-10-095)",ACRYLIC 1/4 inch X51 inchesX60 inches,DISCONTINUED,
Chroma,0-MPA-1014,"Chroma 1/4"" DP-95 TEXTURED 2 SIDE .236X72X96",DP-95 TEXTURED 2 SIDE .236X72X96,DISCONTINUED,
Chroma,0-10-112,"Chroma 3/16"" 4x8 (0-10-112)",3/16 x 4 x 8 Acrylic,DISCONTINUED,
Chroma,0-10-096,"Chroma 3/8"" 4x8 Optix (0-10-096)",CHROMA 3/8 inch 48 x 96 OPTIXS,DISCONTINUED,
Chroma,0-11-222,"Chroma 3/8"" P95 .354 X 48 X 96 (0-11-222)",CHROMA P95 .354 48 X 96,DISCONTINUED,
Chroma,0-11-090,"Chroma UV 1"" 49.5 x 97.5 (0-11-090)",CHROMA UV 1 inch 49.5 x 97.5,DISCONTINUED,
Chroma,0-11-095,"Chroma UV 1"" 4x8 Optix OS (0-11-095)",CHROMA UV 1 inch 48 x 96 - Optiks OS,DISCONTINUED,
Chroma,0-31-105,"DISC. MATTE SASSY ACRYLIC FILM 50.5""","MATTE SASSY ACRYLIC FILM 50.5""",DISCONTINUED,
Chroma,0-31-106,"DISC. MATTE LAWN ACRYLIC FILM 50.5""","MATTE LAWN ACRYIC FILM 50.5""",DISCONTINUED,
Chroma,0-31-107,"DISC. MATTE SEA ACRYLIC FILM 50.5""","MATTE SEA ACRYLIC FILM 50.5""",DISCONTINUED,
Chroma,0-11-089,"Chroma UV 1/2"" 49.5 x 97.5 (0-11-089)",CHROMA UV 1/2 inch  49.5 x 97.5,DISCONTINUED,
Chroma,0-11-093,"Chroma UV 1/2"" 4x8 Optix OS (0-11-093)",CHROMA UV 1/2 inch 48 x 96 - Optiks OS,DISCONTINUED,
Chroma,0-11-091,"Chroma UV 2"" 49.5 X 97.5 (0-11-091)",CHROMA UV 2 inch 48.5x 97.5,DISCONTINUED,
Chroma,0-31-071,Clear Film - 10mil Acrylic,Low Mod Clear 10 Acrylic Film,DISCONTINUED,
Chroma,0-31-132,"10 Mil White out acrylc 51.5""",,DISCONTINUED,
Chroma,0-31-905,"Clear Film 50.5"" spartech (0-31-905)","SS CLEAR ACRYLIC 50.5"" spartech",DISCONTINUED,
Chroma,0-31-029,Clear Film XT,UV CLEAR XT 10 MIL ACRYLIC FILM,DISCONTINUED,
Chroma,0-31-902,"Coral Film 50.5"" spartech (0-31-902)","SS CORAL ACRYLIC 50.5"" spartech",DISCONTINUED,
Chroma,0-31-904,"Flood Film 50.5"" spartech (0-31-904)","SS FLOOD ACRYLIC 50.5"" spartech",DISCONTINUED,
Chroma,0-31-100,MATTE CAMEL ACRYLIC FILM ,,DISCONTINUED,
Chroma,0-31-113,"MATTE WHITE OUT ACRYLIC FILM 50.5"" SPARTECH ","MATTE WHITE OUT ACRYLIC FILM 50.5"" ",DISCONTINUED,
Chroma,0-31-112,"MATTE GHOST ACRYLIC FILM 50.5"" SPARTECH","MATTE GHOST ACRYLIC FILM 50.5"" ",DISCONTINUED,
Chroma,0-31-114,"MATTE MARMALADE ACRYLIC FILM 50.5"" SPARTECH ","MATTE MARMALADE ACRYLIC FILM 50.5""",DISCONTINUED,
Chroma,0-31-115,"MATTE TITANIUM ACRYLIC FILM 50.5"" SPARTECH ","MATTE TITANIUM ACRYLIJC FILM 50.5"" ",DISCONTINUED,
Chroma,0-31-096,"MATTE ALOE ACRYLIC FILM 50.5"" SPARTECH","MATTE ALOE ACRYLIC FILM 50.5""",DISCONTINUED,
Chroma,0-31-104,"MATTE ATLANTIC ACRYLIC FILM 50.5"" SPARTECH","MATTE ATLANTIC ACRYLIC FILM 50.5""",DISCONTINUED,
Chroma,0-31-099,"MATTE PEWTER ACRYLIC FILM 50.5"" SPARTECH","MATTE PEWETER ACRYLIC FILM 50.5"" ",DISCONTINUED,
Chroma,0-31-094,MATTE MAI TAI ACRYLIC FILM 50.5 SPARTECH ,"MATTE MAI TAI ACRYLIC FILM 50.5"" ",DISCONTINUED,
Chroma,0-31-093,"MATTE MIDNIGHT ACRYLIC FILM 50.5"" SPARTECH","MATTE MIDNIGHT FILM 50.5"" ACRYLIC FILM ",DISCONTINUED,
Chroma,0-31-091,"MATTE CRANBERRY ACRYLIC FILM 50.5"" SPARTECH","MATTE CRANBERRY ACRYLIC FILM 50.5"" ",DISCONTINUED,
Chroma,0-31-088,"MATTE MARIGOLD ACRYLIC FILM 50.5"" SPARTECH","MATTE MARIGOLD ACRYLIC FILM 50.5""",DISCONTINUED,
Chroma,0-31-089,"MATTE GLOW ACRYLIC FILM 50.5"" SPARTECH",,DISCONTINUED,
Chroma,0-31-087,MATTE VITAMIN C ACRYLIC FILM 50.5 SPARTECH,"MATTE VITAMIN C ACRYLIC FILM 50.5"" ",DISCONTINUED,
Chroma,0-31-080,MATTE POND ACRYLIC FILM 50.5 SPARTECH,MATTE POND ACRYLIC FILM 50.5,DISCONTINUED,
Chroma,0-31-084,"MATTE COBALT ACRYLIC FILM 50.5"" SPARTECH","MATTE COBALT ACRYLIC FILM 50.5""",DISCONTINUED,
Chroma,0-31-082,"MATTE VAPOR ACRYLIC FILM 50.5"" SPARTECH","MATTE VAPOR ACRYLIC FILM 50.5""",DISCONTINUED,
Chroma,0-31-079,"MATTE TIDE ACRYLIC FILM 50.5"" SPARTECH","MATTE TIDE ACRYLIC 50.5"" ",DISCONTINUED,
Chroma,0-31-077,"MATTE CLEAR ACRYLIC FILM 50.5"" SPARTECH","MATTE CLEAR ACRYLIC FILM 50.5"" ",DISCONTINUED,
Chroma,0-31-076,"MATTE FLOOD ACRYLIC FILM 50.5"" SPARTECH","MATTE FLOOD ACRYLIC FILM 50.5""",DISCONTINUED,
Chroma,0-31-074,"MATTE CORAL ACRYLIC FILM 50.5"" SPARTECH ","MATTE CORAL ACRYLIC FILM 50.5""",DISCONTINUED,
Chroma,0-31-061,POND 10 MIL ACRYLIC FILM,POND 10 MIL ACRYLIC FILM,DISCONTINUED,
Chroma,0-31-039,CAMEL XT 10 MIL ACRYLIC FILM ,CAMEL XT 10 MIL ACRYLIC FILM ,DISCONTINUED,
Chroma,0-31-081,Ghost Film XT ,Ghost XT Compounded 10 MIL,DISCONTINUED,
Chroma,0-31-024,Ghost Film XT 10 MIL acrylic (0-31-024),GHOST XT 10 MIL ACRYLIC FILM,DISCONTINUED,
Chroma,0-31-900,"Lemon Film 50.5"" spartech (0-31-900)","SS LEMON ACRYLIC 50.5"" spartech",DISCONTINUED,
Chroma,0-31-901,"Nectar Film 50.5"" spartech (0-31-901)","SS NECTAR ACRYLIC 50.5"" spartech",DISCONTINUED,
Chroma,0-31-903,"Petal Film 50.5"" spartech (0-31-903)","SS PETAL ACRYLIC 50.5"" spartech",DISCONTINUED,
Chroma,0-31-078,Root Film,0-31-078,DISCONTINUED,
Chroma,0-31-097,Inactive Matte Marsh Acrylic Film,,DISCONTINUED,
Chroma,0-31-096,"Root Film 50.5"" spartech (0-31-906)","SS ROOT ACRYLIC 50.5"" spartech",DISCONTINUED,
Chroma,0-31-109,Ros Film,"MATTE ROSE ACRYLIC FILM 50.5""",DISCONTINUED,
Chroma,0-31-040,Ros Film XT,ROSE XT 10MIL ACRYLIC FILM,DISCONTINUED,
Chroma,0-31-027,White Out Film XL 10 ML acrylic (0-31-027),white out xt 10mil acrylic film,DISCONTINUED,
Chroma,0-31-083,DNR Matte Surf Acrylic Film,surf acrylic film 12mil ,DISCONTINUED,
Color Weave,0-51-205,Color Weave Armstrong: Calm Water,INACTIVE FABRIC TURQUOISE SPARKLE,Inactive,
Color Weave,0-51-667,Color Weave Armstrong: Goodness Grape (0-51-667),TWIST VOILE ARMSTRONG GRAPE,Inactive,
Color Weave,0-50-118,Color Weave Bagatelle,FABRIC BAGATELLE,see spring 2016 section,
Color Weave,0-50-149,Color Weave Blossom (0-50-149),DISCONTINUED FABRIC BLOSSOM,DISCONTINUED,
Color Weave,0-50-138,Color Weave Cameo (0-50-138),DISCONTINUED CAMEO (S138),DISCONTINUED,
Color Weave,0-51-152,Color Weave Chestnut,FABRIC DW CHESTNUT,DISCONTINUED,
Color Weave,0-51-141,Color Weave Clay (0-51-141),INACTIVE FABRIC DW BRILLIANCE RUST(CLAY),DISCONTINUED,
Color Weave,0-51-118,Color Weave Concord (0-51-118),TWIST VOILE CONCORD,DISCONTINUED,
Color Weave,0-50-108,Color Weave Eiderdown,FABRIC EIDERDOWN,DISCONTINUED,
Color Weave,0-51-146,Color Weave Emerald (0-51-146),FABRIC TWIST VOILE EMERALD,was DNR,
Color Weave,0-50-157,Color Weave Flint 2 (0-50-157),FABRIC FLINT 2,see spring 2016 section,
Color Weave,0-51-107,Color Weave Kiwi (0-51-107),FABRIC TWIST VOILE KIWI,was DNR,
Color Weave,0-51-601,Color Weave Orange Iridescent (0-51-601),DISCONTINUED OPAL ORANGE IRIDESCENT,DISCONTINUED,
Color Weave,0-51-229,Color Weave Orchid (0-51-229),ORCHID SPARKLE,DISCONTINUED,
Color Weave,0-50-114,Color Weave Papaya (0-50-114),FABRIC PAPAYA,Inactive,
Color Weave,0-51-147,Color Weave Periwinkle,FABRIC TWIST VOILE PERI,was DNR,
Color Weave,0-51-123,Color Weave Poppy (0-51-123),DISCONTINUED FABRIC DW TWIST VOILE POPPY,DISCONTINUED,
Color Weave,0-50-142,Color Weave Ribbon,FABRIC RIBBON (S142),DISCONTINUED,
Color Weave,0-51-207,Color Weave Royal Blue (0-51-207),Fabric Royal Blue Sparkle,DISCONTINUED,
Color Weave,0-51-202,Color Weave Teal (0-51-202),FABRIC TEAL SPARKLE,DISCONTINUED,
Color Weave,0-50-152,Color Weave Umber (0-50-152),FABRIC UMBER,DISCONTINUED,
Color Weave,0-51-149,Color Weave Wisteria,DISCONTINUED VOILE GRAPE WISTERIA,DISCONTINUED,
Color Weave,0-51-600,Color Weave White Irisdescent,DISCONTINUED WHITE IRIDESCENT,DISCONTINUED,
Color Weave,0-51-603,Color Weave Blue Iridescent,DISCONTINUED BLUE IRIDESCENT,DISCONTINUED,
Emboss,NA,Belgo Mezzo,NA,NA,
Emboss,NA,Corrugated (emboss),NA,DISCONTINUED,
Emboss,NA,Groovy,NA,NA,
Emboss,NA,Tiles,NA,NA,
Emboss,NA,Trance,NA,NA,
Finish,0-50-302,Pixel finish (0-50-302),BLACK MESH,DISCONTINUED,
Finish,NA,Vision Plus (spray),NA,DISCONTINUED,
Graphic,0-50-281,Bloom Lime Layer 1,INACTIVE OBEK LEAF LAYER 1 (BLOOM LIME),DISCONTINUED,
Graphic,0-50-282,Bloom Lime Layer 3,INACTIVE OBEK LEAF LAYER 3-BLOOM LIME),DISCONTINUED,
Graphic,0-50-291,Bloom Orange Layer 1,INACTIVE OBEK POD LAYER 1- (BLOOM TANG),DISCONTINUED,
Graphic,0-50-292,Bloom Orange layer 2,INACTIVE OBEK POD LAYER 3 - (BLOOM TANG),DISCONTINUED,
Graphic,0-50-294,Bloom Screen 2,DISCONTINED OBEK PETAL  LAYER3FOG,DISCONTINUED,
Graphic,0-50-293,Bloom Sreen,DISCONTINUED  OBEK PETAL LAYER1CAR,DISCONTINUED,
Graphic,0-50-295,Bloom Turquoise Layer 1,INACTIVE OBEK PETAL LAYER 1-TURQUOIS,DISCONTINUED,
Graphic,0-50-296,Bloom Turquoise Layer 3,INACTIVE OBEK PETAL LAYER 3 - GREEN,DISCONTINUED,
Graphic,0-50-293,Bloom Wheat Layer 1 (0-50-293),OBEK PETAL LAYER1CAR DISC AT5,DISCONTINUED,
Graphic,0-50-248,Bloom Wheat Layer 2 (0-50-248),PRINT OBEK PETAL - SAND,DISCONTINUED,
Graphic,0-50-294,Bloom Wheat Layer 3 (0-50-294),OBEK PETAL  LAYER3FOG DISC AT5,DISCONTINUED,
Graphic,0-50-234,Bulbe 4x10,INACTIVE SCREENPRINT WHITE BULBE 4X10,DISCONTINUED,
Graphic,0-50-208,Bulbe 4x8,INACTIVE SCREENPRINT WHITE BULBE 4X8,DISCONTINUED,
Graphic,0-50-235,Bulbe Gray 4x10,DISCONTINUED IMAGE GREY BULBE 4X10 420U,DISCONTINUED,
Graphic,0-50-209,Bulbe Gray 4x8,DISCONTINUED IMAGE GREY BULBE 4X8 420 U,DISCONTINUED,
Graphic,0-50-089,Bumble (available in Elements only),BUMBLE,DISCONTINUED,
Graphic,"0-50-218,0-50-236,0-50-310,0-50-315","Dentelle Pink (0-50-218, 0-50-236, 0-50-310, 0-50-315)",DENTELLE PINK,DISCONTINUED,
Graphic,"0-50-219, 0-50-237","Dentelle White (0-50-219, 0-50-237)",IMAGE DENTELLE WHITE,DISCONTINUED,
Graphic,0-50-225,Dots,DOTS SILV & COLORS4X8 DISC AT5,DISCONTINUED,
Graphic,0-50-308,FERN 4X8,SCREENPRINT FERN 4X8,DISCONTINUED,
Graphic,0-50-313,FERN 4X10,SCREENPRINT FERN 4X10,DISCONTINUED,
Graphic,0-50-314,JACQUARD 4X10,JACQUARD 4X10,DISCONTINUED,
Graphic,0-50-309,JACQUARD 4X8,SCREENPRINT JACQUARD 4X8,DISCONTINUED,
Graphic,0-50-324,Marrakesh Silver,MARRAKESH SILVER 060 4X8,DISCONTINUED,
Graphic,0-50-323,Marrakesh Silver .030 4x8 (0-50-323),MARRAKESH SILVER 030 4X8,DISCONTINUED,
Graphic,0-50-332,Marrakesh Silver .060 4x10 (0-50-332),MARRAKESH SILVER .060 4X10,DISCONTINUED,
Graphic,0-50-226,Mega Cirque Coper 4x8,CIRQUE COPPER 3 inch 4X8,DISCONTINUED,
Graphic,0-50-223,Mega Cirque Copper 4X10 (0-50-223),MEGA CIRQUE COPPER4X10 DISC AT5,DISCONTINUED,
Graphic,0-50-341,"Mega Dentelle (0-50-310, 0-50-315)",MEGA DENTELLE,DISCONTINUED,
Graphic,0-50-335,Mega Marrakesh Silver .060 4x10 (0-50-341),MEGA MARRAKESH SILVER 4X10,DISCONTINUED,
Graphic,0-50-336,Mega Marrakesh Silver .060 4x8,MEGA MARRAKESH SILVER (4x8) 060,DISCONTINUED,
Graphic,0-50-343,MEGA SPONGE GOLD 4X10 .060,MEGA SPONGE GOLD 4X10 .060,DISCONTINUED,
Graphic,0-50-339,MEGA SPONGE GOLD 4X8 .060,MEGA SPONGE GOLD 4X8 .060,DISCONTINUED,
Graphic,0-50-340,Mega Sponge Silver .060 4x10 (0-50-340),MEGA SPONGE SILVER 4X10 .060,DISCONTINUED,
Graphic,0-50-342,Mega Sponge Silver .060 4x8 (0-50-335),MEGA SPONGE SILVER (4x8) .060,DISCONTINUED,
Graphic,0-50-337,MEGA STATIC SILVER (4x8) .060,MEGA STATIC SILVER (4x8) .060,DISCONTINUED,
Graphic,0-50-239,Mega Static Silver .060 4x10 (0-50-342),MEGA STATIC SILVER 4X10,DISCONTINUED,
Graphic,0-50-238,Monogramme Taupe 4x10 (0-50-239),IMAGE TAUPE MONOGRAMME 4X10,DISCONTINUED,
Graphic,0-50-317,Monogramme White 4x10 (0-50-238),IMAGE  WHITE MONOGRAMME 4X10,DISCONTINUED,
Graphic,0-50-318,Sponge Silver .030 4x8 (0-50-317),SPONGE SILVER .030 4 X 8,DISCONTINUED,
Graphic,0-50-312,Sponge Silver .060 4x8 (0-50-318),SPONGE SILVER .060 4 X 8,DISCONTINUED,
Graphic,0-50-330,Sponge Silver 030 4x10,SPONGE SILVER .030 4X10,DISCONTINUED,
Graphic,0-50-331,Sponge Silver 060 4x10,SPONGE SILVER .060 4X10,DISCONTINUED,
Graphic,0-50-319,Spot 4x10 (0-50-312),IMAGE SPOT 4X10 (IN HOUSE),DISCONTINUED,
Graphic,0-50-307,Spot 4x8 (0-50-307),IMAGE SPOT 4X8 DISC AT 5,DISCONTINUED,
Graphic,0-50-328,Static Silver,STATIC SILVER 030 4X10 DISC A 5,DISCONTINUED,
Graphic,0-50-327,Static Silver .030 4x8 (0-50-319),STATIC SILVER 030 4X8 (IN HOUSE,DISCONTINUED,
Graphic,0-50-320,Static Silver 060 4X10 (0-50-327),STATIC SILVER 060 4X10 DIS AT 5,DISCONTINUED,
Graphic,0-50-327,Static Silver 060 4X10 (0-50-327),STATIC SILVER 060 4X10 DISC @5,DISCONTINUED,
Graphic,0-50-321,Static Silver 060 4X8 (0-50-320),STATIC SILVER 060 4X8 DISC AT 5,DISCONTINUED,
Graphic,0-50-329,Static White .030 4x8 (0-50-321),STATIC WHITE 030 4X8,DISCONTINUED,
Graphic,0-50-329,Static White .060 4x10 (0-50-329),STATIC WHITE 060 4X10,DISCONTINUED,
Graphic,0-50-322,Static White .060 4x8 (0-50-322),STATIC WHITE 060 4X8,DISCONTINUED,
Graphic,0-50-251,STRATA AGATE LAYER 1,Screen Print ,DISCONTINUED,
Graphic,0-50-252,STRATA AGATE LAYER 2,Screen Print ,DISCONTINUED,
Graphic,0-50-253,STRATA AGATE LAYER 3,Screen Print ,DISCONTINUED,
Graphic,0-50-254,STRATA AGATE LAYER 4,Screen Print ,DISCONTINUED,
Graphic,0-50-255,STRATA AGATE LAYER 5,Screen Print ,DISCONTINUED,
Graphic,0-50-256,STRATA AGATE LAYER 6,Screen Print ,DISCONTINUED,
Graphic,0-50-261,STRATA WATER LAYER 1,Screen Print ,DISCONTINUED,
Graphic,0-50-262,STRATA WATER LAYER 2,Screen Print ,DISCONTINUED,
Graphic,0-50-263,STRATA WATER LAYER 3,Screen Print ,DISCONTINUED,
Graphic,0-50-264,STRATA WATER LAYER 4,Screen Print ,DISCONTINUED,
Graphic,0-50-271,STRATA WEAVE LAYER 1,Screen Print ,DISCONTINUED,
Graphic,0-50-272,STRATA WEAVE LAYER 2,Screen Print ,DISCONTINUED,
Graphic,0-50-273,STRATA WEAVE LAYER 3,Screen Print ,DISCONTINUED,
Graphic,0-50-274,STRATA WEAVE LAYER 4,Screen Print ,DISCONTINUED,
Graphic,Z-NOR-0-91-210,Northface Victoria Gray Layer A,,DISCONTINUED,
Graphic,Z-NOR-0-91-211,Northface Victoria Gray Layer B,,DISCONTINUED,
Hardware,0-18-080,Solar Power 1140 (0-18-080),KONARKA POWER PLASTIC 1140 OPAQUE,DISCONTINUED,
Hardware,0-18-081,Solar Power 540 (0-18-081),KONARKA POWER PLASTIC 540 OPAQUE,DISCONTINUED,
HighRes,0-58-003,DIGITAL ROSEWOOD  WOOD 4 X 8,DIGITAL ROSEWOOD  WOOD 4 X 8,DISCONTINUED,
HighRes,0-58-002,DIGITAL WALNUT  WOOD 4 X 8,DIGITAL WALNUT  WOOD 4 X 8,DISCONTINUED,
HighRes,0-58-001,DIGITAL ZEBRANO WOOD 4 X 8,DIGITAL ZEBRANO WOOD 4 X 8,DISCONTINUED,
HighRes,0-70-015,Encore (0-70-015),HIGHRES_IMAGE-ENCORE,DISCONTINUED,
HighRes,0-70-019,MAIDENHAIR 4 X 10,HIGHRES_IMAGE-MAIDENHAIR 4 X 10,DISCONTINUED,
HighRes,0-70-017,MAIDENHAIR 4 X 8,HIGHRES_IMAGE-MAIDENHAIR 4 X 8,DISCONTINUED,
HighRes,0-70-003,Pinwheel (0-70-003),PINWHEEL,DISCONTINUED,
HighRes,0-70-011,PINWHEEL 4X8 030 PETG,HIGHRES_IMAGE-PINWHEEL 4X8 030 PETG,DISCONTINUED,
HighRes,0-70-016,Prague Door (0-70-016),HIGHRES_IMAGE-PRAGUE_DOOR,DISCONTINUED,
HighRes,0-59-001,Sample - DIGITAL GRADIENT,IMAGE - DIGITAL GRADIENT - SAMPLES,DISCONTINUED,
HighRes,0-59-002,Sample - DIGITAL PLANT,IMAGE - DIGITAL PLANT- SAMPLES,DISCONTINUED,
HighRes,0-50-244,Sample DIG ROCKS ON TEXTILE (PUREWHITE),DIG ROCKS ON TEXTILE (PUREWHITE-IMAGINE),DISCONTINUED,
HighRes,0-50-245,Sample DIGITAL PRINT PANTONE FADE,DIGITAL PRINT PANTONE FADE,DISCONTINUED,
HighRes,0-50-246,DNR DIGITAL PRINT OBEK LEAF (BLOOM LIME),DNR DIGITAL PRINT OBEK LEAF (BLOOM LIME),DISCONTINUED,
HighRes,0-50-247,DNR DIGITAL PRINT OBEK -BLOOM TANGERINE,DNR DIGITAL PRINT OBEK -BLOOM TANGERINE,DISCONTINUED,
HighRes,0-50-249,DNRDIGITAL PRINT OBEK PETAL (BLOOM AQUA),DNRDIGITAL PRINT OBEK PETAL (BLOOM AQUA),DISCONTINUED,
HighRes,0-70-009,Sample FADE TO CLEAR 4X4 030 PETG,FADE TO CLEAR 4X4 030 PETG,DISCONTINUED,
HighRes,0-70-010,Sample HUMINGBIRD COLLAGE FILM 4X4 030 PETG,HUMINGBIRD COLLAGE FILM 4X4 030 PETG,DISCONTINUED,
HighRes,0-70-022,SAMPLE Hummingbird 4X4 ON TAFFETA,SAMPLE IMAGE 4X4 HUMINGIRD ON TAFFETA,DISCONTINUED,
HighRes,0-70-112,Sample HUMMINGBIRD ON 030 SMOOTH PETG,HUMMING BIRD PRINT ON 030 SMOOTH PETG,DISCONTINUED,
HighRes,0-70-024,Sample PEBBLES HIRES 030 4 X 8,PEBBLES HIRES 030 4 X 8,DISCONTINUED,
HighRes,0-SAM-1000,"Sample RED ORCHID PRINTED GECKO 48"" X 72""","RED ORCHID PRINTED GECKO 48"" X 72""",DISCONTINUED,
HighRes,0-52-040,Sample SHEER HABITAT RED FLOWER,SHEER HABITAT RED FLOWER SAMPLE ,DISCONTINUED,
HighRes,0-70-023,Sample Viola - On Polycarb 030 4X8 (FLOWER),VIOLA - ON  030 4X8 SAMPLES,DISCONTINUED,
Koda XT,0-16-002,"Clear 1804 .475 X 49.75"" X 97.75 SL","KODA 1804 .475 X 49.75"" X 97.75 SL CLEAR",DISCONTINUED,
Koda XT,0-16-001,Glass Green .475 x 49.75 x 97.75 (0-16-001),KODA .475 X 49.75 X 97.75 GLASS GRN,DISCONTINUED,
Koda XT,0-16-003,TRANS WHITE .475 x 49.75 x 97.75 (0-16-001),KODA .475 X 49.75 X 97.75 TRANS WHITE,DISCONTINUED,
Moderna,0-50-178,Atmosphere Stone 2 (0-50-178),Fabric DW Atmstone II,was DNR,
Moderna,0-50-179,Atmosphere Thyme 2 (0-50-179),Fabric DW ATM II Thyme,was DNR,
Moderna,0-50-441,EOS 2,Fabric EOS II Phifer Olifin,DISCONTINUED,
Moderna,0-51-772,Flock Carrott,FLOCK CARROTT - ST 405531 - A620282,was DNR,
Moderna,0-55-102,Linea Rose,DISCONTINUED IMAGE LINEA ROSE,DISCONTINUED,
Moderna,0-50-056,Linen Moss,DISCONTINUED DW Fabric Linen Moss,DISCONTINUED,
Moderna,0-50-054,Linen Tobacco,DW Fabric Linen Tobacco,DISCONTINUED,
Moderna,0-50-047,Quattro Amber,DISCONTINUED QUATTRO AMBER,DISCONTINUED,
Moderna,0-50-051,Quattro Carbon (0-50-051),IMAGE QUATTRO CARBON BLACK,DISCONTINUED,
Moderna,0-50-049,Quattro Khaki (0-50-049),QUATTRO KHAKI,DISCONTINUED,
Moderna,0-50-050,Quattro Olive,DISCONTINUED IMAGE QUATTRO OLIVE,DISCONTINUED,
Moderna,0-50-052,Quattro Platinum (0-50-052),IMAGE QUATTRO PLATINUM,DISCONTINUED,
Moderna,0-50-048,Quattro Seafoam,INACTIVE IMAGE QUATTRO SEAFOAM,DISCONTINUED,
Moderna,0-51-666,Scribble Smoke (0-51-666),SCRIBBLE SMOKE,DISCONTINUED,
Moderna,0-51-663,Scribble Spice,Scribble Spice,DNR,
Moderna,0-50-7011,Script,Ion Script (SP 7011),DISCONTINUED,
Moderna,0-50-098,"Shibuya White ""crushed"" (0-50-098)",DISCONTINUED FABRIC  SHIB W (CRUSHED),DISCONTINUED,
Moderna,0-51-660,Tempo Ice,DW TE IC MET. LT. BL STR,was DNR,
Moderna,0-51-661,Tempo Emerald metallic green,DW Tempo Emerald metallic green,DISCONTINUED,
Organic,0-50-470,CINNAMON WEAVE ,INACTIVE CINNAMON WEAVE ZEBRA STRIPE,DISCONTINUED,
Organic,0-50-488,Not used-this is the raw net we buy from Mali,BRAIN CORAL WHITE (UNRAVEL RAW MAT),DISCONTINUED,
Organic,0-50-491,Not used-this is the raw net we buy from Mali,BRAIN CORAL BLACK (UNRAVEL RAW MAT),DISCONTINUED,
Organic,0-51-019,River Rock,DISCONTINUED RIVER ROCK,DISCONTINUED,
Organic,0-50-064,Larkspur,DISCON Larkspur (Varia & Pressed Glass Only),DISCONTINUED,
Organic,0-50-476,Sonoma and Sonoma Nest,INACTIVE SONOMA ANGLE VINE,DISCONTINUED,
Organic,0-50-430,TANAKA,INACTIVE DW TANAKA,DISCONTINUED,
Organic,0-50-455,Lace Grass (field Grass),DISCONTINUED LACE GRASS (FIELD GRASS),DISCONTINUED,
Organic,0-50-008,Thicket Evening,THICKET EVENING,DISCONTINUED,
Organic,0-50-001,Tiko,DISCONTINUED IMAGE TIKO- ECCO ALMOND 525,DISCONTINUED,
Organic,0-50-493,UNRAVEL BLACK,DISCONTINUED UNRAVEL BLACK,DISCONTINUED,
Organic,0-50-492,UNRAVEL WHITE,DISCONTINUED UNRAVEL WHITE,DISCONTINUED,
Paper,0-20-033,DISC. TEX PAP BRUSH (US PPR ALLOY 1),,DISCONTINUED,
Paper,0-20-035,DNR TEX PAP TRANSIT (UC UNIV MOIRE),,DISCONTINUED,
Paper,0-20-036,DNR TX PAP NAPPA (UC UNIV MATTE WOODSTOCK),,DISCONTINUED,
PETG,0-10-006U,"PETG 060 ECORESIN UV (49.75"" X 97.5"")","PETG 060 ECORESIN UV 49.5"" X 97.5"" ",DISCONTINUED,
PETG,0-30-093,BLACK CHERRY - SUPPLEMENTAL COLOR,"BLACK CHERRY .012MIL PETG 50.5"" FILM",DISCONTINUED,
PETG,0-30-086,DEEP END - SUPPLEMENTAL COLOR,DEEP END .012MIL PETG 50.5 FILM,DISCONTINUED,
PETG,0-30-066,DIVA - SUPPLEMENTAL COLOR,"DIVA 0.12 MIL PETG 50.5"" FILM",DISCONTINUED,
PETG,0-30-095,INDIGO - SUPPLEMENTAL COLOR,"INDIGO .012MIL PETG 50.5"" FILM",DISCONTINUED,
PETG,0-MPA-1010,"PETG .236""X38.75""X97"" 100% SPECTAR 14471",".236""X38.75""X97"" 100% SPECTAR 14471",DISCONTINUED,
PETG,0-11-009,PETG 090 SATIN VIRGIN (49.75 X 97.75) (0-11-009),PETG 090 SATIN V (49.75 x 97.75),DISCONTINUED,
PETG,0-10-028,PETG 20 PRIME 49.75 X 97.75 (0-10-028),PETG .020 PRIME (49.75 x 97.75),DISCONTINUED,
PETG,0-93-020,"PETG CLEAR .010/50""MATTE BOTH SIDES","DNR PETG CLEAR .010/50""MATTE BOTH SIDES",DISCONTINUED,
PETG,0-10-002,PETG Eco Glass .236 49.75 X 97.75 (0-10-002),PETG .236 ECO GLASS(49.75 x 97.75),DISCONTINUED,
PETG,0-10-021,PETG Eco Glass .354 49.75 X 97.75 (0-10-021),PETG .354 ECO GLASS (49.75X97.75),DISCONTINUED,
PETG,0-10-010,PETG HIGH RES 010 SATIN/SATIN (0-10-010),HIGH RES 010 PETG SATIN/SATIN,DISCONTINUED,
PETG,0-12-038,"PETG Timber Strips 1/2"" x 1/4"" x 49.5"" (0-12-038)","RECTANGLE PETG 1/2""X1/4""X49.5",DISCONTINUED,
PETG,0-12-039,"PETG Timber Strips 1/2"" x 1/4"" x 97.5"" (0-12-039)","RECTANGLE PETG  1/2""X1/4""X 97.5""",DISCONTINUED,
PETG,0-30-072,Root Varia,0-30-072,DISCONTINUED,
PETG,0-30-048,"Ros 0.12MIL PETG FILM 50.5""","Rose 0.12MIL PETG FILM 50.5""",DISCONTINUED,
PETG,0-30-085,Varia Ghost .012 MIL PETG (0-30-085),"GHOST.012MIL PETG 50.5""FILM",DISCONTINUED,
Play,0-51-046,"1"" Capiz Shell Natural","DISCONTINUED 1"" CAPIZ SHELL NATURAL",DISCONTINUED,
Play,0-53-114,"1"" BEIGE CAPIZ SHELL (CREAM)","DISCONTINUED 1"" BEIGE CAPIZ SHELL (CREAM)",DISCONTINUED,
Play,0-53-102,"1"" HONEY COLOR CAPIZ SHELL","DISCONTINUED 1"" HONEY COLOR CAPIZ SHELL",DISCONTINUED,
Play,0-53-101,"1"" PINK COLOR CAPIZ SHELL","DISCONTINUED 1"" PINK COLOR CAPIZ SHELL",DISCONTINUED,
Play,0-53-103,"1"" RED COLOR CAPIZ SHELL","DISCONTINUED 1"" RED COLOR CAPIZ SHELL",DISCONTINUED,
Play,0-53-104,"1"" SIENNA COLOR CAPIZ SHELL","DISCONTINUED 1"" SIENNA COLOR CAPIZ SHELL",DISCONTINUED,
Play,0-53-100,"1"" SILVER COLOR CAPIZ SHELL","DISCONTINUED 1"" SILVER COLOR CAPIZ SHELL",DISCONTINUED,
Play,0-53-113,"2"" Blue capiz shell","DISCONTINUED 2"" Blue capiz shell",DISCONTINUED,
Play,0-53-108,"2"" Pink capiz shell","DISCONTINUED 2"" Pink capiz shell",DISCONTINUED,
Play,0-53-110,"2"" Red capiz shell","DISCONTINUED 2"" Red capiz shell",DISCONTINUED,
Play,0-53-107,"2"" Silver capiz shell","DISCONTINUED 2"" Silver capiz shell",DISCONTINUED,
Play,0-53-117,"2"" Turquoise capiz shell","DISCONTINUED 2"" Turquoise capiz shell",DISCONTINUED,
Play,0-50-500,Crush Blue,IMAGE CRUSH BLUE GLASS SIZE 1,Will take inactive 11-30-2013,
Play,0-50-513,Crush Bronze (never launched),BRONZE CRUSH SIZE 1,Will take inactive 11-30-2013,
Play,0-50-514,Crush Gold #1,IMAGE CRUSH GOLD SIZE 1,Will take inactive 11-30-2013,
Play,0-50-512,Crush Gold (never launched),SHINY GOLD CRUSH SIZE 1,Will take inactive 11-30-2013,
Play,0-50-509,Crush Light Blue,IMAGE LT BLUE GLASS SIZE 1,DISCONTINUED,
Play,0-50-516,Crush Mica,MICA SIZE 1,Will take inactive 11-30-2013,
Play,0-50-501,Crush Orange,IMAGE CRUSH ORANGE GLASS SIZE 1,Will take inactive 11-30-2013,
Play,0-50-504,Crush Red,IMAGE CRUSH RED GLASS SIZE 1,Will take inactive 11-30-2013,
Play,0-50-515,Crush Sterling,IMAGE CRUSH STERLING GLASS SIZE 1,Will take inactive 11-30-2013,
Play,0-50-505,Crush Turquoise,IMAGE CRUSH TURQUOISE GLASS SIZE 1,Will move to an OEM Specific Part in Nov.,
Struttura,3-10-051,"Duo Arctic White 1/4"" 4x10",DUO ARCTIC WHITE 6MM 4X10,DISCONTINUED,
Struttura,3-10-050,"Duo Arctic White 1/4"" 4x8",DUO ARCTIC WHITE 6MM 4X8,DISCONTINUED,
Struttura,3-20-071,"Duo Arctic White 5/8"" 4x10",16M ARTIC 1225 X3050 DUO,DISCONTINUED,
Struttura,3-20-070,"Duo Arctic White 5/8"" 4x8",16M ARTIC 1225 x 2450  DUO,DISCONTINUED,
Struttura,3-10-041,"Duo Deep Blue 1/4"" 4x10",DUO DEEP BLUE 6MM 4X10,DISCONTINUED,
Struttura,3-10-040,"Duo Deep Blue 1/4"" 4x8",DUO DEEP BLUE 6MM 4X8,DISCONTINUED,
Struttura,3-20-081,"Duo Deep Blue 5/8"" 4x10",16M MWS BLUE 1225 X 3050  DUO,DISCONTINUED,
Struttura,3-20-080,"Duo Deep Blue 5/8"" 4x8",16M MWS BLUE 1225 X 2450 (MM) DUO,DISCONTINUED,
Struttura,3-10-021,"Duo Orange Glow 1/4"" 4x10",DUO ORANGE GLOW 6MM4X10,DISCONTINUED,
Struttura,3-10-020,"Duo Orange Glow 1/4"" 4x8",DUO ORANGE GLOW 6MM 4X8,DISCONTINUED,
Struttura,3-20-100,"Duo Orange Glow 5/8"" 4x8",16M MWS ORANGE GLOW 1225X2450 DUO,DISCONTINUED,
Struttura,3-20-110,"Duo Orange Glow 5/8"" 4x10",16M  ORANGE GLOW 1225 X 3050 DUO,DISCONTINUED,
Struttura,3-10-031,"Duo Sea Glass 1/4"" 4x10",DUO SEA GLASS 6MM 4X10,DISCONTINUED,
Struttura,3-10-030,"Duo Sea Glass 1/4"" 4x8",DUO SEA GLASS 6MM 4X8,DISCONTINUED,
Struttura,3-20-091,"Duo Sea Glass 5/8"" 4x10",16M SEA GLASS 1225X3050 DUO,DISCONTINUED,
Struttura,3-20-090,"Duo Sea Glass 5/8"" 4x8",16M SEA GLASS 1225X2450MM DUO,DISCONTINUED,
Struttura,3-20-061,"Duo Siren Red 1/4"" 4x10",DUO RED 6MM 4X10,DISCONTINUED,
Struttura,3-20-060,"Duo Siren Red 1/4"" 4x8",DUO RED 6MM 4X8,DISCONTINUED,
Struttura,3-20-140,"Duo Siren Red 5/8"" 4x8",16M MEW RED 1225 X 2450 DUO,DISCONTINUED,
Struttura,3-20-150,"Duo Siren Red 5/8"" 4x10",16M RED 1225 X 3050 DUO,DISCONTINUED,
Struttura,0-10-107,Pep core (0-10-107),PEP CORE 12mm x 1.26M x 2.48M,DISCONTINUED,
Struttura,0-10-110,STAGE CLEAR 40MM,"DNR STAGE CLEAR 1.57""(40MM) 1MX2M",DISCONTINUED,
Wood,0-51-615,Bamboo (0-51-615),Bamboo prefinished 48.5x97,DISCONTINUED,
Wood,0-51-622,Bamboo Light 170TS 48.5 x 97,Bamboo light 170TS Veneer 48.5 x 97,DISCONTINUED,
Wood,0-50-617,Rosewood,Rosewood Veneer 49.5 x 100 Bookmatched,DISCONTINUED,
Wood,0-51-618,Zebrano Chevron,Zebrano 2A Prefin 48.5 x 97 Chevron,DISCONTINUED,
Wood,0-51-613,Zebrano Slipmatch,Zebrano 2A Prefin Qtr Cut,DISCONTINUED,
Wood,0-51-614,"White Oak 2A Prefinished Rift Cut 48.5"" x 99""",,DISCONTINUED,
Wood,0-51-620,"Walnut Qtr. Cut HD90 48.5"" x 99""",,DISCONTINUED,